event_id,data,miasto,latitude,longitude,gatunek,typ_obiektu,pojemnosc,bilety_sprzedane,cena_biletu_pln,przychod_pln
50001,2024-04-12,Poznan,52.4064,16.9252,hip-hop,klub,410,316,170.0,53720
50002,2025-03-11,Gdansk,54.352,18.6466,folk,arena,5799,2512,130.0,326560
50003,2024-09-27,Warszawa,52.2297,21.0122,classical,klub,634,414,100.0,41400
50004,2024-04-16,Katowice,50.2649,19.0238,metal,klub,979,735,100.0,73500
50005,2024-03-12,Poznan,52.4064,16.9252,metal,klub,1430,808,80.0,64640
50006,2025-12-01,Poznan,52.4064,16.9252,classical,festiwal,22254,20661,220.0,4545420
50007,2024-01-21,Wroclaw,51.1079,17.0385,reggae,klub,638,446,100.0,44600
50008,2025-09-06,Wroclaw,51.1079,17.0385,hip-hop,teatr,1065,906,230.0,208380
50009,2024-05-01,Gdansk,54.352,18.6466,hip-hop,arena,14045,10029,160.0,1604640
50010,2025-04-11,Warszawa,52.2297,21.0122,rock,klub,809,717,80.0,57360
50011,2024-08-02,Warszawa,52.2297,21.0122,folk,teatr,826,448,120.0,53760
50012,2024-11-26,Lublin,51.2465,22.5684,jazz,klub,1498,1416,70.0,99120
50013,2025-04-03,Szczecin,53.4285,14.5528,electronic,arena,12663,12032,200.0,2406400
50014,2024-03-28,Wroclaw,51.1079,17.0385,reggae,festiwal,14837,9515,150.0,1427250
50015,2025-01-07,Krakow,50.0647,19.945,electronic,klub,1443,1353,130.0,175890
50016,2024-04-09,Gdansk,54.352,18.6466,electronic,klub,1455,544,80.0,43520
50017,2025-10-25,Wroclaw,51.1079,17.0385,classical,klub,527,377,80.0,30160
50018,2024-05-10,Warszawa,52.2297,21.0122,metal,amfiteatr,2966,444,150.0,66600
50019,2025-10-23,Warszawa,52.2297,21.0122,metal,festiwal,40771,31636,240.0,7592640
50020,2024-11-04,Lodz,51.7592,19.456,jazz,festiwal,75911,43036,190.0,8176840
50021,2024-12-09,Lodz,51.7592,19.456,classical,festiwal,30746,14602,150.0,2190300
50022,2025-05-06,Warszawa,52.2297,21.0122,electronic,klub,558,321,130.0,41730
50023,2025-02-17,Krakow,50.0647,19.945,indie,arena,14580,13250,170.0,2252500
50024,2025-01-20,Krakow,50.0647,19.945,metal,teatr,1747,1497,200.0,299400
50025,2024-07-10,Lodz,51.7592,19.456,reggae,klub,851,253,100.0,25300
50026,2024-10-03,Warszawa,52.2297,21.0122,reggae,klub,245,175,90.0,15750
50027,2024-06-09,Warszawa,52.2297,21.0122,rock,klub,799,388,130.0,50440
50028,2025-04-04,Katowice,50.2649,19.0238,pop,arena,7815,5296,210.0,1112160
50029,2024-11-09,Warszawa,52.2297,21.0122,indie,amfiteatr,3412,1324,100.0,132400
50030,2024-01-22,Gdansk,54.352,18.6466,metal,klub,1492,721,100.0,72100
50031,2024-09-09,Krakow,50.0647,19.945,hip-hop,arena,11792,7661,210.0,1608810
50032,2025-07-14,Warszawa,52.2297,21.0122,metal,klub,580,395,100.0,39500
50033,2025-04-19,Krakow,50.0647,19.945,rock,amfiteatr,5713,5000,140.0,700000
50034,2024-02-28,Lodz,51.7592,19.456,reggae,klub,315,107,90.0,9630
50035,2025-05-25,Lublin,51.2465,22.5684,electronic,arena,12290,10597,210.0,2225370
50036,2025-11-12,Katowice,50.2649,19.0238,hip-hop,teatr,1903,1798,220.0,395560
50037,2025-04-20,Wroclaw,51.1079,17.0385,classical,teatr,704,570,180.0,102600
50038,2025-11-30,Lodz,51.7592,19.456,folk,arena,11557,4404,110.0,484440
50039,2024-07-08,Krakow,50.0647,19.945,electronic,klub,722,503,110.0,55330
50040,2025-11-17,Krakow,50.0647,19.945,folk,klub,1438,1239,60.0,74340
50041,2025-07-16,Bialystok,53.1325,23.1688,indie,klub,628,465,90.0,41850
50042,2025-07-20,Warszawa,52.2297,21.0122,pop,klub,990,409,150.0,61350
50043,2024-08-31,Warszawa,52.2297,21.0122,hip-hop,arena,6569,4762,260.0,1238120
50044,2025-05-19,Krakow,50.0647,19.945,jazz,klub,946,687,80.0,54960
50045,2024-05-10,Warszawa,52.2297,21.0122,hip-hop,klub,566,321,140.0,44940
50046,2025-04-29,Warszawa,52.2297,21.0122,metal,festiwal,67656,59865,190.0,11374350
50047,2025-10-08,Gdansk,54.352,18.6466,reggae,amfiteatr,6133,3443,130.0,447590
50048,2024-01-21,Wroclaw,51.1079,17.0385,metal,festiwal,27304,23495,270.0,6343650
50049,2024-06-15,Bialystok,53.1325,23.1688,metal,klub,1277,878,120.0,105360
50050,2024-09-30,Katowice,50.2649,19.0238,indie,klub,1064,853,80.0,68240
50051,2025-01-22,Wroclaw,51.1079,17.0385,electronic,amfiteatr,4329,3527,170.0,599590
50052,2025-08-23,Krakow,50.0647,19.945,jazz,klub,533,400,110.0,44000
50053,2024-11-11,Wroclaw,51.1079,17.0385,jazz,klub,997,842,90.0,75780
50054,2024-01-14,Gdansk,54.352,18.6466,metal,stadion,40827,39576,290.0,11477040
50055,2024-08-29,Krakow,50.0647,19.945,folk,festiwal,43040,23174,120.0,2780880
50056,2024-12-11,Gdansk,54.352,18.6466,indie,festiwal,70354,53583,110.0,5894130
50057,2025-07-18,Wroclaw,51.1079,17.0385,metal,klub,919,588,100.0,58800
50058,2024-12-05,Gdansk,54.352,18.6466,pop,klub,699,565,140.0,79100
50059,2024-04-01,Wroclaw,51.1079,17.0385,reggae,amfiteatr,4664,3708,100.0,370800
50060,2025-01-01,Krakow,50.0647,19.945,electronic,klub,884,779,140.0,109060
50061,2025-03-30,Szczecin,53.4285,14.5528,classical,festiwal,24414,18086,120.0,2170320
50062,2025-03-03,Katowice,50.2649,19.0238,pop,teatr,1021,776,210.0,162960
50063,2025-05-23,Warszawa,52.2297,21.0122,folk,festiwal,24327,18045,170.0,3067650
50064,2024-02-04,Lublin,51.2465,22.5684,hip-hop,klub,1440,1035,130.0,134550
50065,2024-07-24,Poznan,52.4064,16.9252,hip-hop,klub,1146,954,150.0,143100
50066,2024-03-21,Bialystok,53.1325,23.1688,pop,stadion,34693,16637,400.0,6654800
50067,2025-07-15,Katowice,50.2649,19.0238,metal,amfiteatr,4165,4080,190.0,775200
50068,2025-01-22,Wroclaw,51.1079,17.0385,classical,amfiteatr,2006,1851,120.0,222120
50069,2024-01-02,Warszawa,52.2297,21.0122,rock,klub,1404,1113,70.0,77910
50070,2025-01-24,Krakow,50.0647,19.945,rock,klub,775,653,100.0,65300
50071,2025-07-19,Poznan,52.4064,16.9252,folk,amfiteatr,1743,820,70.0,57400
50072,2024-04-15,Gdansk,54.352,18.6466,metal,teatr,905,699,230.0,160770
50073,2025-04-21,Krakow,50.0647,19.945,jazz,amfiteatr,6017,3340,100.0,334000
50074,2025-12-03,Warszawa,52.2297,21.0122,jazz,klub,1310,552,90.0,49680
50075,2025-02-05,Lublin,51.2465,22.5684,electronic,stadion,56358,45498,250.0,11374500
50076,2025-12-30,Szczecin,53.4285,14.5528,classical,teatr,1701,1342,170.0,228140
50077,2025-07-09,Poznan,52.4064,16.9252,classical,festiwal,52832,28825,150.0,4323750
50078,2024-06-10,Warszawa,52.2297,21.0122,hip-hop,arena,14985,9696,330.0,3199680
50079,2024-07-20,Krakow,50.0647,19.945,indie,klub,1208,1053,50.0,52650
50080,2024-09-26,Warszawa,52.2297,21.0122,folk,stadion,37576,34662,130.0,4506060
50081,2024-09-27,Bialystok,53.1325,23.1688,rock,klub,529,499,90.0,44910
50082,2025-03-31,Warszawa,52.2297,21.0122,folk,arena,4464,3628,150.0,544200
50083,2025-04-06,Gdansk,54.352,18.6466,jazz,amfiteatr,1890,1140,170.0,193800
50084,2025-12-27,Krakow,50.0647,19.945,jazz,klub,580,387,70.0,27090
50085,2024-09-08,Gdansk,54.352,18.6466,pop,teatr,1729,1625,170.0,276250
50086,2025-12-02,Gdansk,54.352,18.6466,electronic,klub,941,379,140.0,53060
50087,2024-10-22,Katowice,50.2649,19.0238,classical,festiwal,32490,22611,130.0,2939430
50088,2025-12-25,Krakow,50.0647,19.945,reggae,amfiteatr,6415,5582,90.0,502380
50089,2025-12-20,Warszawa,52.2297,21.0122,folk,klub,872,435,50.0,21750
50090,2024-12-03,Warszawa,52.2297,21.0122,jazz,klub,712,619,70.0,43330
50091,2024-02-22,Bialystok,53.1325,23.1688,indie,arena,8867,3992,110.0,439120
50092,2024-08-04,Lublin,51.2465,22.5684,hip-hop,klub,1148,969,90.0,87210
50093,2024-07-06,Gdansk,54.352,18.6466,rock,teatr,1611,789,170.0,134130
50094,2025-01-14,Gdansk,54.352,18.6466,electronic,amfiteatr,2429,2073,210.0,435330
50095,2025-05-07,Lodz,51.7592,19.456,indie,arena,4539,3651,120.0,438120
50096,2024-02-10,Warszawa,52.2297,21.0122,electronic,klub,1112,766,140.0,107240
50097,2024-06-05,Bialystok,53.1325,23.1688,pop,arena,3643,2694,200.0,538800
50098,2024-01-15,Wroclaw,51.1079,17.0385,reggae,teatr,826,618,150.0,92700
50099,2024-03-05,Wroclaw,51.1079,17.0385,jazz,klub,701,621,80.0,49680
50100,2025-06-04,Poznan,52.4064,16.9252,hip-hop,stadion,28921,21394,400.0,8557600
50101,2024-12-09,Warszawa,52.2297,21.0122,indie,festiwal,60435,43802,120.0,5256240
50102,2024-05-08,Warszawa,52.2297,21.0122,electronic,festiwal,20310,16460,320.0,5267200
50103,2025-10-09,Lodz,51.7592,19.456,classical,klub,677,462,70.0,32340
50104,2025-04-16,Warszawa,52.2297,21.0122,pop,teatr,1601,1268,230.0,291640
50105,2024-03-03,Gdansk,54.352,18.6466,classical,klub,656,445,110.0,48950
50106,2024-05-18,Krakow,50.0647,19.945,hip-hop,klub,388,344,140.0,48160
50107,2025-05-13,Wroclaw,51.1079,17.0385,indie,amfiteatr,5886,5573,100.0,557300
50108,2025-08-15,Krakow,50.0647,19.945,pop,teatr,1943,1812,330.0,597960
50109,2025-01-26,Wroclaw,51.1079,17.0385,indie,klub,1119,953,70.0,66710
50110,2025-11-05,Lodz,51.7592,19.456,jazz,klub,491,376,70.0,26320
50111,2025-02-22,Krakow,50.0647,19.945,metal,klub,955,638,140.0,89320
50112,2024-10-15,Gdansk,54.352,18.6466,pop,klub,576,392,120.0,47040
50113,2025-01-13,Poznan,52.4064,16.9252,classical,klub,1379,1301,100.0,130100
50114,2025-05-04,Lodz,51.7592,19.456,hip-hop,klub,707,415,100.0,41500
50115,2024-08-18,Szczecin,53.4285,14.5528,reggae,arena,4436,3982,170.0,676940
50116,2024-02-10,Lodz,51.7592,19.456,jazz,teatr,927,754,170.0,128180
50117,2024-01-28,Krakow,50.0647,19.945,metal,festiwal,21618,19597,290.0,5683130
50118,2024-05-14,Warszawa,52.2297,21.0122,reggae,festiwal,26122,17491,180.0,3148380
50119,2024-07-19,Krakow,50.0647,19.945,rock,klub,1410,1120,80.0,89600
50120,2024-02-02,Gdansk,54.352,18.6466,jazz,amfiteatr,4602,3051,150.0,457650
50121,2024-02-17,Warszawa,52.2297,21.0122,hip-hop,teatr,659,498,170.0,84660
50122,2025-05-17,Poznan,52.4064,16.9252,electronic,teatr,820,689,240.0,165360
50123,2025-02-10,Gdansk,54.352,18.6466,pop,teatr,1952,1254,310.0,388740
50124,2025-07-27,Wroclaw,51.1079,17.0385,indie,amfiteatr,5122,3547,100.0,354700
50125,2025-12-28,Katowice,50.2649,19.0238,hip-hop,arena,7399,5617,290.0,1628930
50126,2024-04-08,Warszawa,52.2297,21.0122,pop,klub,1141,877,110.0,96470
50127,2025-11-14,Warszawa,52.2297,21.0122,reggae,festiwal,38633,30079,170.0,5113430
50128,2025-12-26,Lodz,51.7592,19.456,indie,teatr,1462,977,120.0,117240
50129,2025-06-30,Poznan,52.4064,16.9252,folk,teatr,1912,1037,120.0,124440
50130,2025-09-04,Lodz,51.7592,19.456,classical,arena,6715,4091,100.0,409100
50131,2025-04-06,Wroclaw,51.1079,17.0385,rock,klub,741,696,130.0,90480
50132,2025-10-04,Krakow,50.0647,19.945,jazz,klub,1426,1023,70.0,71610
50133,2024-01-05,Katowice,50.2649,19.0238,hip-hop,amfiteatr,6685,6098,210.0,1280580
50134,2024-08-05,Katowice,50.2649,19.0238,rock,stadion,26411,9188,190.0,1745720
50135,2025-05-17,Lodz,51.7592,19.456,electronic,arena,9365,7088,270.0,1913760
50136,2025-02-01,Krakow,50.0647,19.945,pop,klub,1313,1064,120.0,127680
50137,2025-01-27,Gdansk,54.352,18.6466,pop,klub,892,726,150.0,108900
50138,2024-07-25,Wroclaw,51.1079,17.0385,hip-hop,amfiteatr,5850,3201,160.0,512160
50139,2024-01-15,Warszawa,52.2297,21.0122,metal,festiwal,53390,35728,250.0,8932000
50140,2025-07-07,Bialystok,53.1325,23.1688,metal,teatr,841,699,160.0,111840
50141,2025-04-05,Warszawa,52.2297,21.0122,folk,arena,13073,9308,140.0,1303120
50142,2025-11-21,Szczecin,53.4285,14.5528,classical,festiwal,15209,7580,150.0,1137000
50143,2025-07-28,Wroclaw,51.1079,17.0385,indie,klub,589,319,90.0,28710
50144,2024-08-28,Warszawa,52.2297,21.0122,electronic,teatr,981,804,140.0,112560
50145,2025-07-17,Poznan,52.4064,16.9252,rock,arena,10211,8373,180.0,1507140
50146,2024-04-05,Lublin,51.2465,22.5684,metal,arena,12927,12130,190.0,2304700
50147,2025-04-29,Lodz,51.7592,19.456,folk,festiwal,34594,15131,100.0,1513100
50148,2025-02-10,Katowice,50.2649,19.0238,folk,amfiteatr,2624,2049,70.0,143430
50149,2024-08-18,Lodz,51.7592,19.456,hip-hop,klub,806,476,170.0,80920
50150,2025-10-16,Lodz,51.7592,19.456,electronic,teatr,1780,1574,270.0,424980
50151,2024-06-19,Lublin,51.2465,22.5684,reggae,klub,232,167,90.0,15030
50152,2025-06-24,Krakow,50.0647,19.945,indie,arena,9089,5122,110.0,563420
50153,2024-02-05,Poznan,52.4064,16.9252,classical,klub,1452,958,70.0,67060
50154,2025-06-08,Krakow,50.0647,19.945,jazz,klub,1061,749,100.0,74900
50155,2024-06-08,Szczecin,53.4285,14.5528,hip-hop,arena,11346,9797,180.0,1763460
50156,2025-11-29,Szczecin,53.4285,14.5528,indie,klub,1104,591,100.0,59100
50157,2024-08-30,Warszawa,52.2297,21.0122,jazz,arena,4269,3362,140.0,470680
50158,2024-03-26,Lodz,51.7592,19.456,jazz,amfiteatr,1904,1754,180.0,315720
50159,2025-07-31,Bialystok,53.1325,23.1688,electronic,klub,1043,933,120.0,111960
50160,2025-11-12,Warszawa,52.2297,21.0122,electronic,teatr,1964,1325,240.0,318000
50161,2025-07-10,Gdansk,54.352,18.6466,rock,arena,4184,2744,140.0,384160
50162,2025-07-27,Bialystok,53.1325,23.1688,folk,festiwal,44493,30209,180.0,5437620
50163,2025-10-07,Warszawa,52.2297,21.0122,indie,klub,1340,1052,60.0,63120
50164,2024-01-28,Lodz,51.7592,19.456,hip-hop,klub,470,212,150.0,31800
50165,2025-09-11,Krakow,50.0647,19.945,pop,klub,969,846,180.0,152280
50166,2025-07-09,Bialystok,53.1325,23.1688,hip-hop,klub,371,195,100.0,19500
50167,2024-12-05,Szczecin,53.4285,14.5528,rock,klub,473,421,110.0,46310
50168,2024-11-26,Szczecin,53.4285,14.5528,classical,festiwal,28690,23177,170.0,3940090
50169,2025-10-01,Poznan,52.4064,16.9252,folk,amfiteatr,2658,1854,80.0,148320
50170,2025-05-20,Lublin,51.2465,22.5684,pop,teatr,821,422,250.0,105500
50171,2024-12-13,Lublin,51.2465,22.5684,metal,festiwal,59056,48684,190.0,9249960
50172,2025-04-17,Krakow,50.0647,19.945,classical,klub,563,387,70.0,27090
50173,2024-08-18,Katowice,50.2649,19.0238,electronic,klub,577,522,130.0,67860
50174,2024-07-08,Warszawa,52.2297,21.0122,jazz,klub,779,481,100.0,48100
50175,2024-08-12,Gdansk,54.352,18.6466,metal,klub,1090,947,80.0,75760
50176,2025-01-19,Krakow,50.0647,19.945,hip-hop,arena,14459,10906,310.0,3380860
50177,2025-01-11,Warszawa,52.2297,21.0122,hip-hop,arena,9748,7583,310.0,2350730
50178,2024-10-09,Warszawa,52.2297,21.0122,electronic,klub,221,145,120.0,17400
50179,2025-09-24,Lodz,51.7592,19.456,rock,klub,1395,987,110.0,108570
50180,2025-09-19,Wroclaw,51.1079,17.0385,indie,teatr,782,451,120.0,54120
50181,2024-09-15,Lodz,51.7592,19.456,metal,teatr,533,269,200.0,53800
50182,2024-12-24,Warszawa,52.2297,21.0122,metal,klub,1248,952,110.0,104720
50183,2025-12-10,Krakow,50.0647,19.945,reggae,amfiteatr,4756,4342,90.0,390780
50184,2025-03-31,Poznan,52.4064,16.9252,classical,amfiteatr,4656,1657,130.0,215410
50185,2025-02-14,Katowice,50.2649,19.0238,folk,klub,343,249,60.0,14940
50186,2025-10-10,Krakow,50.0647,19.945,classical,klub,423,232,50.0,11600
50187,2024-11-13,Gdansk,54.352,18.6466,indie,arena,11411,9198,150.0,1379700
50188,2025-11-07,Lublin,51.2465,22.5684,hip-hop,amfiteatr,5774,4889,210.0,1026690
50189,2024-08-12,Gdansk,54.352,18.6466,hip-hop,amfiteatr,3154,2762,180.0,497160
50190,2024-08-21,Krakow,50.0647,19.945,hip-hop,klub,632,463,130.0,60190
50191,2025-11-14,Warszawa,52.2297,21.0122,reggae,klub,464,255,100.0,25500
50192,2025-10-25,Lublin,51.2465,22.5684,hip-hop,stadion,61913,44123,360.0,15884280
50193,2025-01-08,Warszawa,52.2297,21.0122,indie,arena,7524,5707,150.0,856050
50194,2025-11-02,Lublin,51.2465,22.5684,electronic,klub,615,386,80.0,30880
50195,2025-08-30,Poznan,52.4064,16.9252,folk,amfiteatr,4274,3036,70.0,212520
50196,2025-04-16,Szczecin,53.4285,14.5528,indie,festiwal,45892,29872,140.0,4182080
50197,2024-08-20,Katowice,50.2649,19.0238,folk,teatr,879,554,120.0,66480
50198,2025-11-22,Szczecin,53.4285,14.5528,indie,amfiteatr,5014,4170,120.0,500400
50199,2024-04-22,Wroclaw,51.1079,17.0385,hip-hop,teatr,1753,870,200.0,174000
50200,2025-05-11,Katowice,50.2649,19.0238,electronic,arena,14514,12128,200.0,2425600
50201,2025-03-17,Wroclaw,51.1079,17.0385,metal,festiwal,10924,8084,180.0,1455120
50202,2025-07-17,Poznan,52.4064,16.9252,classical,klub,322,257,70.0,17990
50203,2024-09-24,Gdansk,54.352,18.6466,jazz,festiwal,36478,21902,270.0,5913540
50204,2025-05-24,Lublin,51.2465,22.5684,electronic,klub,977,654,130.0,85020
50205,2025-01-20,Szczecin,53.4285,14.5528,metal,festiwal,21781,17870,170.0,3037900
50206,2025-01-21,Katowice,50.2649,19.0238,rock,klub,822,603,130.0,78390
50207,2024-04-22,Wroclaw,51.1079,17.0385,indie,klub,788,752,80.0,60160
50208,2025-09-04,Wroclaw,51.1079,17.0385,rock,klub,1370,964,120.0,115680
50209,2025-09-16,Lodz,51.7592,19.456,metal,klub,1290,1165,80.0,93200
50210,2024-03-21,Krakow,50.0647,19.945,electronic,teatr,1303,1115,190.0,211850
50211,2025-11-29,Warszawa,52.2297,21.0122,indie,teatr,919,669,90.0,60210
50212,2024-04-22,Wroclaw,51.1079,17.0385,jazz,arena,7086,5940,210.0,1247400
50213,2024-01-02,Krakow,50.0647,19.945,hip-hop,klub,321,263,150.0,39450
50214,2025-10-03,Krakow,50.0647,19.945,indie,klub,539,418,70.0,29260
50215,2024-08-07,Krakow,50.0647,19.945,indie,klub,374,273,70.0,19110
50216,2025-07-19,Warszawa,52.2297,21.0122,electronic,klub,796,629,90.0,56610
50217,2024-08-12,Warszawa,52.2297,21.0122,electronic,amfiteatr,6046,4384,120.0,526080
50218,2025-01-19,Szczecin,53.4285,14.5528,metal,klub,756,366,140.0,51240
50219,2025-02-06,Wroclaw,51.1079,17.0385,pop,klub,1359,1110,120.0,133200
50220,2025-09-29,Wroclaw,51.1079,17.0385,indie,klub,1239,1089,50.0,54450
50221,2024-05-09,Lodz,51.7592,19.456,classical,klub,1418,1100,110.0,121000
50222,2024-02-22,Krakow,50.0647,19.945,indie,arena,6567,5569,140.0,779660
50223,2025-11-14,Szczecin,53.4285,14.5528,metal,festiwal,63051,56697,260.0,14741220
50224,2025-12-30,Katowice,50.2649,19.0238,folk,klub,533,425,50.0,21250
50225,2025-11-02,Warszawa,52.2297,21.0122,rock,klub,1216,989,120.0,118680
50226,2025-12-10,Wroclaw,51.1079,17.0385,hip-hop,klub,526,378,120.0,45360
50227,2025-02-19,Lublin,51.2465,22.5684,pop,klub,214,191,170.0,32470
50228,2024-09-03,Szczecin,53.4285,14.5528,jazz,klub,1038,702,70.0,49140
50229,2025-03-14,Poznan,52.4064,16.9252,jazz,amfiteatr,3137,2706,130.0,351780
50230,2024-07-21,Gdansk,54.352,18.6466,jazz,festiwal,63473,60736,250.0,15184000
50231,2024-07-02,Warszawa,52.2297,21.0122,electronic,stadion,39880,28605,310.0,8867550
50232,2024-05-02,Szczecin,53.4285,14.5528,jazz,arena,4813,4168,180.0,750240
50233,2025-02-04,Krakow,50.0647,19.945,hip-hop,arena,14671,11016,180.0,1982880
50234,2024-10-20,Szczecin,53.4285,14.5528,rock,arena,9256,8819,150.0,1322850
50235,2024-10-06,Gdansk,54.352,18.6466,jazz,festiwal,24308,23407,230.0,5383610
50236,2025-09-01,Gdansk,54.352,18.6466,indie,teatr,1851,1236,140.0,173040
50237,2024-07-16,Poznan,52.4064,16.9252,indie,klub,200,165,100.0,16500
50238,2025-05-25,Krakow,50.0647,19.945,electronic,arena,5313,4601,250.0,1150250
50239,2024-05-23,Warszawa,52.2297,21.0122,hip-hop,arena,12706,6535,240.0,1568400
50240,2025-08-31,Krakow,50.0647,19.945,rock,amfiteatr,2731,1195,200.0,239000
50241,2024-07-19,Warszawa,52.2297,21.0122,pop,festiwal,19837,18256,230.0,4198880
50242,2024-05-03,Katowice,50.2649,19.0238,metal,arena,8831,6914,180.0,1244520
50243,2024-07-05,Wroclaw,51.1079,17.0385,rock,klub,1151,760,90.0,68400
50244,2024-11-21,Warszawa,52.2297,21.0122,metal,festiwal,46824,40445,160.0,6471200
50245,2025-04-08,Szczecin,53.4285,14.5528,folk,klub,505,362,80.0,28960
50246,2024-12-14,Lublin,51.2465,22.5684,metal,klub,211,141,100.0,14100
50247,2025-10-21,Bialystok,53.1325,23.1688,classical,klub,1136,1130,80.0,90400
50248,2025-02-06,Szczecin,53.4285,14.5528,indie,festiwal,78472,43746,150.0,6561900
50249,2024-12-11,Warszawa,52.2297,21.0122,hip-hop,klub,370,247,130.0,32110
50250,2025-05-25,Wroclaw,51.1079,17.0385,reggae,klub,333,213,60.0,12780
50251,2024-05-26,Katowice,50.2649,19.0238,electronic,amfiteatr,7626,4036,190.0,766840
50252,2024-05-27,Lodz,51.7592,19.456,classical,klub,1164,751,80.0,60080
50253,2025-12-11,Warszawa,52.2297,21.0122,metal,arena,12642,10039,230.0,2308970
50254,2025-05-03,Katowice,50.2649,19.0238,jazz,arena,14288,6337,140.0,887180
50255,2025-10-01,Krakow,50.0647,19.945,hip-hop,klub,1413,1035,110.0,113850
50256,2025-07-04,Krakow,50.0647,19.945,classical,teatr,1564,854,150.0,128100
50257,2024-12-03,Poznan,52.4064,16.9252,electronic,klub,857,667,140.0,93380
50258,2025-10-02,Gdansk,54.352,18.6466,indie,arena,14707,6616,130.0,860080
50259,2025-04-17,Gdansk,54.352,18.6466,hip-hop,stadion,58328,23231,390.0,9060090
50260,2024-05-30,Warszawa,52.2297,21.0122,electronic,festiwal,28610,11839,340.0,4025260
50261,2025-02-18,Lublin,51.2465,22.5684,folk,festiwal,11079,10128,190.0,1924320
50262,2024-10-24,Krakow,50.0647,19.945,folk,klub,1378,856,80.0,68480
50263,2025-09-02,Warszawa,52.2297,21.0122,electronic,klub,310,283,140.0,39620
50264,2024-09-19,Bialystok,53.1325,23.1688,classical,teatr,536,474,120.0,56880
50265,2024-05-23,Szczecin,53.4285,14.5528,hip-hop,arena,13971,11947,300.0,3584100
50266,2024-12-11,Lublin,51.2465,22.5684,classical,teatr,880,641,130.0,83330
50267,2025-09-15,Katowice,50.2649,19.0238,pop,teatr,1491,1252,330.0,413160
50268,2025-07-25,Lodz,51.7592,19.456,metal,teatr,1213,905,130.0,117650
50269,2024-01-02,Poznan,52.4064,16.9252,pop,arena,8089,6488,260.0,1686880
50270,2024-10-30,Warszawa,52.2297,21.0122,folk,klub,522,469,70.0,32830
50271,2024-09-10,Wroclaw,51.1079,17.0385,indie,teatr,1321,689,120.0,82680
50272,2025-10-13,Wroclaw,51.1079,17.0385,rock,arena,12095,8187,170.0,1391790
50273,2025-03-28,Krakow,50.0647,19.945,metal,klub,805,505,110.0,55550
50274,2024-02-06,Lodz,51.7592,19.456,folk,amfiteatr,3976,3484,110.0,383240
50275,2024-06-08,Poznan,52.4064,16.9252,classical,amfiteatr,4840,4438,130.0,576940
50276,2024-01-09,Warszawa,52.2297,21.0122,classical,arena,10876,8619,120.0,1034280
50277,2024-08-20,Krakow,50.0647,19.945,classical,klub,347,223,90.0,20070
50278,2024-04-08,Lodz,51.7592,19.456,indie,klub,1341,956,60.0,57360
50279,2025-10-20,Warszawa,52.2297,21.0122,pop,teatr,1249,950,200.0,190000
50280,2024-07-26,Lublin,51.2465,22.5684,rock,amfiteatr,1866,1294,180.0,232920
50281,2024-05-10,Poznan,52.4064,16.9252,classical,klub,1049,629,100.0,62900
50282,2025-02-07,Poznan,52.4064,16.9252,reggae,klub,1289,877,80.0,70160
50283,2024-05-31,Gdansk,54.352,18.6466,metal,amfiteatr,5541,1727,150.0,259050
50284,2024-02-23,Katowice,50.2649,19.0238,hip-hop,klub,1012,837,110.0,92070
50285,2024-04-29,Wroclaw,51.1079,17.0385,reggae,arena,7270,4337,150.0,650550
50286,2025-11-03,Lodz,51.7592,19.456,rock,amfiteatr,3354,2587,120.0,310440
50287,2025-09-19,Gdansk,54.352,18.6466,indie,klub,787,717,100.0,71700
50288,2025-08-09,Krakow,50.0647,19.945,rock,festiwal,59646,54177,280.0,15169560
50289,2025-09-16,Lublin,51.2465,22.5684,hip-hop,klub,1172,1009,150.0,151350
50290,2025-02-23,Katowice,50.2649,19.0238,metal,klub,1337,1112,110.0,122320
50291,2025-02-25,Lodz,51.7592,19.456,hip-hop,teatr,1534,1078,270.0,291060
50292,2024-04-13,Lublin,51.2465,22.5684,electronic,arena,4784,3121,220.0,686620
50293,2024-09-10,Lublin,51.2465,22.5684,metal,amfiteatr,5010,4056,130.0,527280
50294,2024-08-14,Lodz,51.7592,19.456,rock,stadion,23786,8506,220.0,1871320
50295,2024-04-21,Lublin,51.2465,22.5684,classical,klub,1370,934,90.0,84060
50296,2025-05-24,Lodz,51.7592,19.456,rock,klub,234,177,140.0,24780
50297,2025-04-17,Lodz,51.7592,19.456,rock,klub,1198,643,80.0,51440
50298,2024-04-08,Gdansk,54.352,18.6466,metal,klub,737,522,80.0,41760
50299,2024-06-01,Katowice,50.2649,19.0238,electronic,klub,949,520,110.0,57200
50300,2024-12-03,Warszawa,52.2297,21.0122,rock,klub,1237,789,130.0,102570
50301,2025-12-06,Lublin,51.2465,22.5684,reggae,arena,12643,11429,130.0,1485770
50302,2024-06-11,Lublin,51.2465,22.5684,folk,teatr,632,461,90.0,41490
50303,2025-12-20,Warszawa,52.2297,21.0122,jazz,festiwal,55760,36704,220.0,8074880
50304,2025-11-11,Katowice,50.2649,19.0238,jazz,teatr,962,568,170.0,96560
50305,2024-06-09,Warszawa,52.2297,21.0122,rock,klub,1138,849,80.0,67920
50306,2025-08-02,Wroclaw,51.1079,17.0385,reggae,klub,1086,872,60.0,52320
50307,2025-02-01,Lodz,51.7592,19.456,classical,festiwal,16869,13691,190.0,2601290
50308,2024-10-03,Warszawa,52.2297,21.0122,indie,arena,14926,12229,130.0,1589770
50309,2025-05-18,Katowice,50.2649,19.0238,indie,klub,1498,1090,100.0,109000
50310,2025-01-26,Lublin,51.2465,22.5684,metal,teatr,475,431,200.0,86200
50311,2024-05-14,Poznan,52.4064,16.9252,jazz,teatr,838,685,110.0,75350
50312,2024-07-13,Warszawa,52.2297,21.0122,rock,arena,14995,5572,200.0,1114400
50313,2025-02-04,Krakow,50.0647,19.945,indie,klub,898,400,70.0,28000
50314,2025-10-01,Gdansk,54.352,18.6466,rock,teatr,1712,995,140.0,139300
50315,2024-02-02,Szczecin,53.4285,14.5528,metal,stadion,22962,21552,340.0,7327680
50316,2025-11-18,Gdansk,54.352,18.6466,jazz,teatr,1963,1724,200.0,344800
50317,2025-04-04,Krakow,50.0647,19.945,hip-hop,teatr,1290,737,190.0,140030
50318,2025-04-14,Gdansk,54.352,18.6466,folk,teatr,1091,1048,90.0,94320
50319,2025-01-09,Poznan,52.4064,16.9252,folk,arena,13492,10594,80.0,847520
50320,2024-01-22,Katowice,50.2649,19.0238,indie,klub,1349,886,60.0,53160
50321,2025-10-31,Warszawa,52.2297,21.0122,folk,festiwal,66356,58879,150.0,8831850
50322,2024-02-07,Katowice,50.2649,19.0238,hip-hop,festiwal,24745,19624,270.0,5298480
50323,2024-08-17,Poznan,52.4064,16.9252,rock,teatr,526,361,250.0,90250
50324,2024-12-30,Szczecin,53.4285,14.5528,metal,klub,1391,1060,70.0,74200
50325,2025-07-16,Wroclaw,51.1079,17.0385,hip-hop,klub,791,723,140.0,101220
50326,2025-03-13,Gdansk,54.352,18.6466,metal,amfiteatr,5889,3597,180.0,647460
50327,2024-10-09,Bialystok,53.1325,23.1688,metal,teatr,1766,1402,170.0,238340
50328,2024-01-27,Warszawa,52.2297,21.0122,jazz,amfiteatr,2519,1625,90.0,146250
50329,2024-08-13,Szczecin,53.4285,14.5528,rock,teatr,709,594,160.0,95040
50330,2024-10-03,Lodz,51.7592,19.456,reggae,stadion,34997,13787,180.0,2481660
50331,2025-08-31,Warszawa,52.2297,21.0122,folk,festiwal,55039,40805,190.0,7752950
50332,2024-10-10,Krakow,50.0647,19.945,reggae,amfiteatr,6014,5218,150.0,782700
50333,2025-04-25,Lodz,51.7592,19.456,jazz,stadion,40923,33591,320.0,10749120
50334,2025-03-28,Warszawa,52.2297,21.0122,metal,festiwal,18876,8813,270.0,2379510
50335,2025-10-20,Gdansk,54.352,18.6466,indie,klub,1039,879,70.0,61530
50336,2025-05-30,Wroclaw,51.1079,17.0385,folk,arena,12654,8918,160.0,1426880
50337,2025-06-30,Gdansk,54.352,18.6466,folk,teatr,613,439,150.0,65850
50338,2024-07-10,Warszawa,52.2297,21.0122,rock,klub,284,190,100.0,19000
50339,2024-02-18,Lublin,51.2465,22.5684,electronic,klub,993,488,100.0,48800
50340,2025-05-26,Szczecin,53.4285,14.5528,pop,klub,284,223,150.0,33450
50341,2024-01-17,Szczecin,53.4285,14.5528,pop,klub,264,260,120.0,31200
50342,2024-06-20,Katowice,50.2649,19.0238,pop,klub,862,614,100.0,61400
50343,2024-08-07,Warszawa,52.2297,21.0122,electronic,arena,3626,3031,280.0,848680
50344,2024-06-06,Katowice,50.2649,19.0238,rock,amfiteatr,5659,2399,200.0,479800
50345,2025-04-21,Warszawa,52.2297,21.0122,electronic,arena,14606,9356,170.0,1590520
50346,2024-02-15,Warszawa,52.2297,21.0122,pop,klub,1138,851,140.0,119140
50347,2025-01-07,Krakow,50.0647,19.945,jazz,klub,1118,1108,120.0,132960
50348,2025-06-01,Poznan,52.4064,16.9252,hip-hop,festiwal,11375,9892,310.0,3066520
50349,2024-04-08,Katowice,50.2649,19.0238,metal,klub,1381,845,100.0,84500
50350,2024-02-06,Lodz,51.7592,19.456,electronic,teatr,890,693,230.0,159390
50351,2024-10-06,Wroclaw,51.1079,17.0385,rock,festiwal,13729,12746,300.0,3823800
50352,2024-12-14,Krakow,50.0647,19.945,rock,teatr,1886,1646,240.0,395040
50353,2025-05-11,Szczecin,53.4285,14.5528,reggae,klub,1448,821,70.0,57470
50354,2024-10-28,Wroclaw,51.1079,17.0385,hip-hop,festiwal,31398,25893,220.0,5696460
50355,2024-06-29,Poznan,52.4064,16.9252,indie,klub,1012,887,90.0,79830
50356,2025-08-29,Warszawa,52.2297,21.0122,folk,amfiteatr,4487,3017,70.0,211190
50357,2024-04-08,Katowice,50.2649,19.0238,pop,festiwal,13159,9237,360.0,3325320
50358,2025-11-30,Lodz,51.7592,19.456,indie,klub,879,715,60.0,42900
50359,2024-04-25,Krakow,50.0647,19.945,reggae,klub,634,522,70.0,36540
50360,2024-07-09,Warszawa,52.2297,21.0122,pop,klub,881,506,140.0,70840
50361,2024-09-09,Lodz,51.7592,19.456,hip-hop,festiwal,31638,13715,220.0,3017300
50362,2024-06-09,Lodz,51.7592,19.456,reggae,klub,1273,337,100.0,33700
50363,2024-09-12,Krakow,50.0647,19.945,pop,stadion,66511,56582,250.0,14145500
50364,2024-11-18,Szczecin,53.4285,14.5528,hip-hop,klub,539,394,170.0,66980
50365,2024-05-07,Warszawa,52.2297,21.0122,classical,festiwal,39320,27996,220.0,6159120
50366,2024-01-18,Wroclaw,51.1079,17.0385,indie,teatr,644,350,110.0,38500
50367,2025-07-19,Szczecin,53.4285,14.5528,indie,teatr,508,378,140.0,52920
50368,2025-07-23,Wroclaw,51.1079,17.0385,folk,teatr,932,733,90.0,65970
50369,2024-11-18,Gdansk,54.352,18.6466,hip-hop,klub,1313,900,160.0,144000
50370,2025-11-16,Wroclaw,51.1079,17.0385,electronic,klub,495,302,120.0,36240
50371,2025-09-17,Krakow,50.0647,19.945,classical,festiwal,12159,6552,150.0,982800
50372,2024-10-14,Szczecin,53.4285,14.5528,jazz,klub,1400,1227,90.0,110430
50373,2025-10-24,Wroclaw,51.1079,17.0385,pop,arena,14923,14201,310.0,4402310
50374,2025-09-30,Bialystok,53.1325,23.1688,classical,klub,300,149,100.0,14900
50375,2024-06-03,Krakow,50.0647,19.945,hip-hop,klub,828,795,100.0,79500
50376,2025-05-04,Krakow,50.0647,19.945,metal,klub,227,167,110.0,18370
50377,2025-01-20,Warszawa,52.2297,21.0122,pop,amfiteatr,3485,3038,180.0,546840
50378,2024-04-13,Gdansk,54.352,18.6466,rock,klub,257,88,130.0,11440
50379,2025-01-27,Wroclaw,51.1079,17.0385,indie,stadion,62481,35500,130.0,4615000
50380,2024-09-02,Lublin,51.2465,22.5684,hip-hop,klub,496,401,150.0,60150
50381,2024-06-24,Poznan,52.4064,16.9252,rock,festiwal,61448,54841,190.0,10419790
50382,2024-02-08,Szczecin,53.4285,14.5528,folk,klub,1220,1153,70.0,80710
50383,2025-04-21,Warszawa,52.2297,21.0122,reggae,amfiteatr,4097,3308,140.0,463120
50384,2025-11-12,Lublin,51.2465,22.5684,jazz,amfiteatr,2401,2129,160.0,340640
50385,2025-06-21,Katowice,50.2649,19.0238,jazz,klub,1298,890,110.0,97900
50386,2025-02-11,Katowice,50.2649,19.0238,rock,amfiteatr,3177,2499,160.0,399840
50387,2025-06-08,Lublin,51.2465,22.5684,indie,amfiteatr,4381,3273,130.0,425490
50388,2025-05-20,Katowice,50.2649,19.0238,folk,teatr,1591,739,120.0,88680
50389,2024-02-05,Gdansk,54.352,18.6466,metal,teatr,1170,968,230.0,222640
50390,2025-11-15,Warszawa,52.2297,21.0122,indie,klub,1448,965,80.0,77200
50391,2024-01-20,Warszawa,52.2297,21.0122,classical,stadion,48311,23394,210.0,4912740
50392,2024-11-16,Bialystok,53.1325,23.1688,jazz,klub,345,237,80.0,18960
50393,2025-05-26,Gdansk,54.352,18.6466,classical,klub,1464,1170,80.0,93600
50394,2025-02-03,Katowice,50.2649,19.0238,pop,amfiteatr,3407,2505,160.0,400800
50395,2025-10-15,Poznan,52.4064,16.9252,electronic,klub,1092,750,150.0,112500
50396,2025-04-15,Warszawa,52.2297,21.0122,hip-hop,teatr,743,354,250.0,88500
50397,2024-05-22,Warszawa,52.2297,21.0122,folk,teatr,1458,1214,150.0,182100
50398,2024-04-01,Lodz,51.7592,19.456,indie,amfiteatr,4249,3362,80.0,268960
50399,2024-12-19,Wroclaw,51.1079,17.0385,jazz,amfiteatr,3548,2280,110.0,250800
50400,2025-12-27,Krakow,50.0647,19.945,classical,klub,352,175,100.0,17500
50401,2024-02-20,Poznan,52.4064,16.9252,reggae,klub,628,514,80.0,41120
50402,2025-10-26,Warszawa,52.2297,21.0122,pop,arena,7603,4283,270.0,1156410
50403,2025-11-28,Gdansk,54.352,18.6466,hip-hop,klub,1349,1264,160.0,202240
50404,2025-07-28,Krakow,50.0647,19.945,hip-hop,klub,690,219,130.0,28470
50405,2024-07-08,Katowice,50.2649,19.0238,indie,klub,544,317,60.0,19020
50406,2024-05-04,Krakow,50.0647,19.945,folk,teatr,620,357,140.0,49980
50407,2024-05-29,Poznan,52.4064,16.9252,metal,stadion,66994,55804,180.0,10044720
50408,2024-11-09,Warszawa,52.2297,21.0122,reggae,klub,922,482,100.0,48200
50409,2025-07-23,Warszawa,52.2297,21.0122,indie,festiwal,66344,57135,110.0,6284850
50410,2024-12-07,Wroclaw,51.1079,17.0385,classical,klub,727,700,90.0,63000
50411,2024-10-31,Poznan,52.4064,16.9252,electronic,klub,1405,1146,80.0,91680
50412,2025-11-22,Gdansk,54.352,18.6466,rock,teatr,1922,1136,210.0,238560
50413,2025-11-12,Krakow,50.0647,19.945,metal,festiwal,37464,30977,150.0,4646550
50414,2024-02-23,Lodz,51.7592,19.456,folk,teatr,1465,1031,140.0,144340
50415,2025-03-19,Lublin,51.2465,22.5684,pop,klub,680,476,140.0,66640
50416,2025-09-04,Katowice,50.2649,19.0238,metal,teatr,1329,1189,130.0,154570
50417,2024-09-20,Warszawa,52.2297,21.0122,jazz,festiwal,34299,29048,230.0,6681040
50418,2024-02-22,Poznan,52.4064,16.9252,folk,stadion,67975,51511,170.0,8756870
50419,2025-07-25,Warszawa,52.2297,21.0122,electronic,festiwal,11462,8162,200.0,1632400
50420,2025-09-11,Krakow,50.0647,19.945,jazz,amfiteatr,7021,6366,90.0,572940
50421,2024-01-05,Szczecin,53.4285,14.5528,metal,stadion,35905,14203,250.0,3550750
50422,2024-04-12,Warszawa,52.2297,21.0122,rock,stadion,44920,10745,210.0,2256450
50423,2024-07-14,Poznan,52.4064,16.9252,rock,amfiteatr,1544,1342,110.0,147620
50424,2024-12-15,Gdansk,54.352,18.6466,electronic,teatr,420,296,170.0,50320
50425,2024-02-16,Lodz,51.7592,19.456,hip-hop,arena,8753,8331,270.0,2249370
50426,2025-10-17,Gdansk,54.352,18.6466,reggae,teatr,1493,1402,140.0,196280
50427,2024-09-25,Warszawa,52.2297,21.0122,pop,klub,1072,554,100.0,55400
50428,2025-01-04,Krakow,50.0647,19.945,hip-hop,klub,247,217,170.0,36890
50429,2025-09-27,Poznan,52.4064,16.9252,rock,stadion,37898,24024,360.0,8648640
50430,2024-04-15,Warszawa,52.2297,21.0122,rock,amfiteatr,4098,2187,130.0,284310
50431,2025-10-31,Wroclaw,51.1079,17.0385,classical,amfiteatr,7930,6503,90.0,585270
50432,2025-10-20,Warszawa,52.2297,21.0122,jazz,klub,1201,1061,120.0,127320
50433,2025-10-18,Warszawa,52.2297,21.0122,metal,arena,4033,2852,190.0,541880
50434,2024-04-29,Wroclaw,51.1079,17.0385,pop,klub,741,620,130.0,80600
50435,2025-08-26,Warszawa,52.2297,21.0122,electronic,amfiteatr,3540,2255,170.0,383350
50436,2024-02-27,Gdansk,54.352,18.6466,metal,amfiteatr,1773,1222,170.0,207740
50437,2024-12-11,Lodz,51.7592,19.456,classical,festiwal,69123,59633,130.0,7752290
50438,2025-04-18,Katowice,50.2649,19.0238,rock,teatr,780,579,220.0,127380
50439,2024-04-26,Krakow,50.0647,19.945,electronic,teatr,1752,1628,240.0,390720
50440,2024-05-06,Warszawa,52.2297,21.0122,rock,stadion,69630,52840,290.0,15323600
50441,2025-01-27,Warszawa,52.2297,21.0122,pop,klub,214,170,180.0,30600
50442,2025-10-02,Gdansk,54.352,18.6466,jazz,arena,3515,2268,130.0,294840
50443,2024-02-27,Lodz,51.7592,19.456,metal,festiwal,76727,64379,230.0,14807170
50444,2025-09-25,Warszawa,52.2297,21.0122,metal,festiwal,56216,28879,210.0,6064590
50445,2025-05-27,Szczecin,53.4285,14.5528,hip-hop,klub,353,130,130.0,16900
50446,2024-04-05,Warszawa,52.2297,21.0122,electronic,amfiteatr,2911,2786,140.0,390040
50447,2025-09-29,Poznan,52.4064,16.9252,reggae,klub,1432,1075,70.0,75250
50448,2024-04-27,Lodz,51.7592,19.456,classical,arena,3271,2691,110.0,296010
50449,2025-07-13,Lublin,51.2465,22.5684,reggae,festiwal,34162,21164,140.0,2962960
50450,2025-08-23,Lodz,51.7592,19.456,hip-hop,festiwal,16008,14442,240.0,3466080
50451,2025-05-02,Katowice,50.2649,19.0238,pop,festiwal,17987,17116,360.0,6161760
50452,2024-08-24,Wroclaw,51.1079,17.0385,classical,klub,1292,1036,60.0,62160
50453,2024-09-28,Katowice,50.2649,19.0238,jazz,klub,446,303,110.0,33330
50454,2024-07-07,Warszawa,52.2297,21.0122,reggae,festiwal,13332,10377,140.0,1452780
50455,2025-12-04,Bialystok,53.1325,23.1688,jazz,stadion,20787,16042,180.0,2887560
50456,2025-03-22,Poznan,52.4064,16.9252,reggae,klub,278,199,70.0,13930
50457,2025-08-03,Katowice,50.2649,19.0238,jazz,teatr,1022,846,130.0,109980
50458,2024-09-03,Poznan,52.4064,16.9252,reggae,arena,6841,3811,160.0,609760
50459,2024-03-16,Gdansk,54.352,18.6466,jazz,festiwal,46444,34996,190.0,6649240
50460,2024-06-02,Poznan,52.4064,16.9252,hip-hop,teatr,924,900,300.0,270000
50461,2025-10-17,Lodz,51.7592,19.456,folk,klub,971,824,90.0,74160
50462,2025-03-10,Warszawa,52.2297,21.0122,classical,klub,1137,782,80.0,62560
50463,2024-03-26,Warszawa,52.2297,21.0122,electronic,teatr,1753,1528,240.0,366720
50464,2025-11-27,Krakow,50.0647,19.945,pop,festiwal,10066,6875,210.0,1443750
50465,2024-10-11,Warszawa,52.2297,21.0122,indie,festiwal,55246,45471,160.0,7275360
50466,2024-08-07,Lublin,51.2465,22.5684,rock,teatr,1789,1487,220.0,327140
50467,2024-03-09,Krakow,50.0647,19.945,electronic,teatr,1167,685,160.0,109600
50468,2024-02-16,Szczecin,53.4285,14.5528,rock,amfiteatr,6116,4690,110.0,515900
50469,2024-04-03,Wroclaw,51.1079,17.0385,classical,arena,4140,3634,120.0,436080
50470,2025-03-28,Warszawa,52.2297,21.0122,electronic,arena,13506,12843,210.0,2697030
50471,2024-07-22,Katowice,50.2649,19.0238,jazz,arena,8730,7159,180.0,1288620
50472,2024-08-05,Lodz,51.7592,19.456,jazz,klub,684,596,90.0,53640
50473,2025-04-18,Poznan,52.4064,16.9252,indie,stadion,31772,26921,180.0,4845780
50474,2025-03-07,Gdansk,54.352,18.6466,rock,klub,1387,941,110.0,103510
50475,2024-12-06,Lodz,51.7592,19.456,pop,amfiteatr,5971,2818,250.0,704500
50476,2025-07-04,Krakow,50.0647,19.945,classical,stadion,32940,25527,150.0,3829050
50477,2025-09-03,Szczecin,53.4285,14.5528,jazz,stadion,36932,15988,290.0,4636520
50478,2024-10-15,Szczecin,53.4285,14.5528,folk,klub,1297,663,70.0,46410
50479,2024-09-10,Gdansk,54.352,18.6466,hip-hop,klub,272,214,150.0,32100
50480,2024-12-22,Krakow,50.0647,19.945,hip-hop,klub,507,426,150.0,63900
50481,2024-01-23,Lodz,51.7592,19.456,reggae,arena,3198,2960,150.0,444000
50482,2025-06-05,Warszawa,52.2297,21.0122,pop,klub,1353,927,120.0,111240
50483,2024-04-09,Warszawa,52.2297,21.0122,hip-hop,festiwal,42567,41361,290.0,11994690
50484,2024-06-28,Krakow,50.0647,19.945,reggae,amfiteatr,2071,1759,150.0,263850
50485,2024-08-10,Poznan,52.4064,16.9252,rock,amfiteatr,2290,1148,170.0,195160
50486,2025-10-20,Lublin,51.2465,22.5684,jazz,festiwal,52598,41456,140.0,5803840
50487,2025-03-17,Lodz,51.7592,19.456,jazz,klub,1374,904,70.0,63280
50488,2025-08-30,Lodz,51.7592,19.456,folk,amfiteatr,5240,2193,130.0,285090
50489,2024-11-20,Wroclaw,51.1079,17.0385,electronic,amfiteatr,4777,4523,120.0,542760
50490,2025-05-30,Wroclaw,51.1079,17.0385,hip-hop,klub,378,286,90.0,25740
50491,2024-01-16,Wroclaw,51.1079,17.0385,rock,teatr,596,461,170.0,78370
50492,2024-12-01,Szczecin,53.4285,14.5528,metal,klub,934,893,140.0,125020
50493,2024-09-14,Warszawa,52.2297,21.0122,hip-hop,teatr,488,247,200.0,49400
50494,2025-05-11,Lublin,51.2465,22.5684,pop,amfiteatr,2298,1684,200.0,336800
50495,2024-06-08,Gdansk,54.352,18.6466,electronic,klub,987,794,130.0,103220
50496,2025-04-19,Wroclaw,51.1079,17.0385,hip-hop,amfiteatr,4295,3108,130.0,404040
50497,2025-10-25,Lodz,51.7592,19.456,rock,festiwal,55264,33820,300.0,10146000
50498,2025-11-20,Poznan,52.4064,16.9252,hip-hop,amfiteatr,6088,4584,190.0,870960
50499,2025-11-05,Lublin,51.2465,22.5684,pop,arena,10297,7986,270.0,2156220
50500,2025-01-14,Bialystok,53.1325,23.1688,metal,teatr,1064,883,220.0,194260
50501,2025-06-28,Wroclaw,51.1079,17.0385,classical,klub,1236,963,110.0,105930
50502,2025-11-21,Krakow,50.0647,19.945,indie,klub,1070,889,70.0,62230
50503,2025-03-02,Gdansk,54.352,18.6466,metal,klub,931,634,80.0,50720
50504,2025-09-04,Bialystok,53.1325,23.1688,reggae,amfiteatr,2629,2338,140.0,327320
50505,2024-09-24,Krakow,50.0647,19.945,hip-hop,teatr,1798,1450,210.0,304500
50506,2025-07-30,Gdansk,54.352,18.6466,jazz,amfiteatr,3105,2124,180.0,382320
50507,2025-02-20,Gdansk,54.352,18.6466,folk,amfiteatr,5278,3206,120.0,384720
50508,2024-06-16,Lodz,51.7592,19.456,jazz,klub,897,584,70.0,40880
50509,2024-02-12,Warszawa,52.2297,21.0122,metal,klub,1322,838,130.0,108940
50510,2025-07-09,Lodz,51.7592,19.456,jazz,klub,793,584,90.0,52560
50511,2024-10-11,Bialystok,53.1325,23.1688,rock,klub,1085,658,120.0,78960
50512,2025-01-31,Warszawa,52.2297,21.0122,jazz,klub,1051,692,70.0,48440
50513,2024-01-12,Krakow,50.0647,19.945,electronic,arena,12407,7216,280.0,2020480
50514,2025-08-29,Szczecin,53.4285,14.5528,classical,klub,524,372,90.0,33480
50515,2024-10-28,Warszawa,52.2297,21.0122,hip-hop,klub,1178,1095,140.0,153300
50516,2024-09-09,Lublin,51.2465,22.5684,jazz,klub,1155,948,120.0,113760
50517,2025-05-13,Poznan,52.4064,16.9252,pop,klub,1093,800,150.0,120000
50518,2024-02-04,Krakow,50.0647,19.945,classical,amfiteatr,2890,2760,110.0,303600
50519,2025-12-27,Lublin,51.2465,22.5684,classical,teatr,1741,1235,170.0,209950
50520,2024-03-30,Wroclaw,51.1079,17.0385,jazz,amfiteatr,5739,2977,160.0,476320
50521,2025-08-27,Poznan,52.4064,16.9252,classical,arena,7479,4772,200.0,954400
50522,2025-08-24,Wroclaw,51.1079,17.0385,folk,klub,415,323,90.0,29070
50523,2025-02-21,Gdansk,54.352,18.6466,jazz,teatr,1784,1578,150.0,236700
50524,2024-04-24,Warszawa,52.2297,21.0122,rock,klub,523,388,110.0,42680
50525,2025-09-08,Wroclaw,51.1079,17.0385,metal,klub,1238,1182,90.0,106380
50526,2024-07-14,Szczecin,53.4285,14.5528,electronic,klub,416,310,130.0,40300
50527,2025-05-15,Krakow,50.0647,19.945,indie,klub,1150,1064,70.0,74480
50528,2025-09-17,Lodz,51.7592,19.456,reggae,klub,382,266,100.0,26600
50529,2025-05-07,Krakow,50.0647,19.945,classical,klub,469,416,60.0,24960
50530,2024-03-15,Katowice,50.2649,19.0238,rock,festiwal,66240,54156,180.0,9748080
50531,2025-02-16,Warszawa,52.2297,21.0122,hip-hop,klub,1069,647,110.0,71170
50532,2025-01-10,Szczecin,53.4285,14.5528,hip-hop,klub,666,646,100.0,64600
50533,2025-02-23,Poznan,52.4064,16.9252,reggae,teatr,704,613,150.0,91950
50534,2025-12-29,Krakow,50.0647,19.945,electronic,klub,1367,1171,90.0,105390
50535,2024-10-03,Warszawa,52.2297,21.0122,classical,klub,310,269,60.0,16140
50536,2025-11-06,Warszawa,52.2297,21.0122,folk,amfiteatr,6609,4941,60.0,296460
50537,2025-01-28,Poznan,52.4064,16.9252,reggae,klub,431,278,100.0,27800
50538,2025-04-01,Wroclaw,51.1079,17.0385,electronic,klub,794,531,140.0,74340
50539,2024-07-10,Katowice,50.2649,19.0238,classical,arena,4577,3141,120.0,376920
50540,2025-11-19,Wroclaw,51.1079,17.0385,rock,klub,1496,1196,130.0,155480
50541,2024-04-08,Krakow,50.0647,19.945,metal,stadion,48350,43024,250.0,10756000
50542,2025-07-01,Gdansk,54.352,18.6466,folk,teatr,572,467,90.0,42030
50543,2024-04-05,Lodz,51.7592,19.456,indie,klub,1172,555,80.0,44400
50544,2025-10-25,Warszawa,52.2297,21.0122,hip-hop,stadion,53798,48392,270.0,13065840
50545,2025-10-24,Warszawa,52.2297,21.0122,pop,arena,13785,9437,320.0,3019840
50546,2024-07-08,Warszawa,52.2297,21.0122,rock,klub,747,305,80.0,24400
50547,2024-02-06,Lodz,51.7592,19.456,hip-hop,festiwal,71957,51428,370.0,19028360
50548,2025-01-03,Lodz,51.7592,19.456,jazz,klub,1113,618,70.0,43260
50549,2025-11-25,Poznan,52.4064,16.9252,pop,arena,9358,7384,290.0,2141360
50550,2025-06-08,Lublin,51.2465,22.5684,hip-hop,klub,333,173,170.0,29410
50551,2024-10-05,Katowice,50.2649,19.0238,electronic,arena,6197,3521,150.0,528150
50552,2024-08-04,Gdansk,54.352,18.6466,folk,klub,885,618,70.0,43260
50553,2024-09-29,Lublin,51.2465,22.5684,hip-hop,teatr,1575,749,200.0,149800
50554,2024-03-02,Krakow,50.0647,19.945,indie,klub,530,376,80.0,30080
50555,2025-08-18,Warszawa,52.2297,21.0122,metal,arena,14646,10736,160.0,1717760
50556,2025-12-29,Krakow,50.0647,19.945,electronic,arena,10037,7899,160.0,1263840
50557,2024-12-07,Warszawa,52.2297,21.0122,rock,teatr,1905,886,200.0,177200
50558,2025-01-31,Poznan,52.4064,16.9252,rock,stadion,62267,21682,270.0,5854140
50559,2025-11-29,Szczecin,53.4285,14.5528,rock,festiwal,23386,18321,260.0,4763460
50560,2024-01-19,Warszawa,52.2297,21.0122,rock,teatr,1589,1300,150.0,195000
50561,2024-06-25,Warszawa,52.2297,21.0122,metal,amfiteatr,6808,4534,130.0,589420
50562,2025-09-03,Poznan,52.4064,16.9252,hip-hop,klub,277,252,140.0,35280
50563,2025-01-30,Bialystok,53.1325,23.1688,classical,arena,10090,4490,160.0,718400
50564,2025-03-20,Krakow,50.0647,19.945,hip-hop,teatr,1087,985,210.0,206850
50565,2024-08-20,Poznan,52.4064,16.9252,jazz,amfiteatr,7664,2580,120.0,309600
50566,2024-03-16,Warszawa,52.2297,21.0122,folk,amfiteatr,6161,5292,80.0,423360
50567,2024-09-21,Warszawa,52.2297,21.0122,pop,klub,1407,1245,120.0,149400
50568,2025-03-30,Szczecin,53.4285,14.5528,classical,klub,1445,384,70.0,26880
50569,2025-12-18,Szczecin,53.4285,14.5528,classical,arena,7922,4764,120.0,571680
50570,2025-01-18,Warszawa,52.2297,21.0122,hip-hop,teatr,1751,1231,250.0,307750
50571,2025-07-17,Szczecin,53.4285,14.5528,classical,arena,9322,6367,160.0,1018720
50572,2025-05-20,Gdansk,54.352,18.6466,reggae,arena,13003,4934,140.0,690760
50573,2025-01-01,Lublin,51.2465,22.5684,reggae,teatr,1535,1232,120.0,147840
50574,2024-05-23,Poznan,52.4064,16.9252,jazz,klub,1282,960,80.0,76800
50575,2024-03-09,Poznan,52.4064,16.9252,pop,amfiteatr,6946,2914,210.0,611940
50576,2024-04-08,Poznan,52.4064,16.9252,indie,arena,12836,11590,170.0,1970300
50577,2025-01-30,Lodz,51.7592,19.456,metal,klub,868,329,120.0,39480
50578,2024-01-25,Warszawa,52.2297,21.0122,hip-hop,arena,3190,2451,290.0,710790
50579,2025-04-13,Warszawa,52.2297,21.0122,metal,teatr,1623,1058,220.0,232760
50580,2025-04-28,Krakow,50.0647,19.945,indie,klub,907,455,70.0,31850
50581,2025-07-18,Lodz,51.7592,19.456,hip-hop,klub,1258,1180,90.0,106200
50582,2024-05-30,Krakow,50.0647,19.945,hip-hop,amfiteatr,1878,1790,200.0,358000
50583,2024-05-23,Lodz,51.7592,19.456,pop,klub,586,566,120.0,67920
50584,2025-07-22,Szczecin,53.4285,14.5528,metal,stadion,40213,33712,280.0,9439360
50585,2024-02-08,Warszawa,52.2297,21.0122,reggae,stadion,26380,13991,240.0,3357840
50586,2024-04-18,Lodz,51.7592,19.456,rock,arena,3615,3232,240.0,775680
50587,2025-11-23,Wroclaw,51.1079,17.0385,metal,festiwal,60906,47927,190.0,9106130
50588,2024-02-11,Lublin,51.2465,22.5684,folk,klub,663,335,70.0,23450
50589,2024-07-04,Warszawa,52.2297,21.0122,folk,stadion,51973,29739,180.0,5353020
50590,2025-02-01,Lodz,51.7592,19.456,hip-hop,klub,1166,1014,160.0,162240
50591,2024-08-10,Lublin,51.2465,22.5684,rock,festiwal,30651,14123,280.0,3954440
50592,2025-09-25,Szczecin,53.4285,14.5528,electronic,klub,1310,1166,160.0,186560
50593,2024-05-12,Lodz,51.7592,19.456,indie,stadion,40008,22588,130.0,2936440
50594,2024-06-11,Poznan,52.4064,16.9252,jazz,klub,1346,376,90.0,33840
50595,2024-08-02,Gdansk,54.352,18.6466,rock,klub,1042,799,90.0,71910
50596,2024-08-22,Lublin,51.2465,22.5684,jazz,klub,889,609,70.0,42630
50597,2025-10-19,Gdansk,54.352,18.6466,metal,klub,774,488,130.0,63440
50598,2025-08-10,Warszawa,52.2297,21.0122,metal,teatr,1907,1261,230.0,290030
50599,2024-01-09,Bialystok,53.1325,23.1688,jazz,klub,364,311,80.0,24880
50600,2024-03-14,Lodz,51.7592,19.456,indie,amfiteatr,7620,7118,70.0,498260
50601,2025-05-06,Lodz,51.7592,19.456,rock,amfiteatr,7318,5952,130.0,773760
50602,2024-09-09,Krakow,50.0647,19.945,electronic,stadion,36766,25631,370.0,9483470
50603,2024-08-17,Lodz,51.7592,19.456,hip-hop,klub,408,362,110.0,39820
50604,2025-06-02,Wroclaw,51.1079,17.0385,pop,klub,423,321,100.0,32100
50605,2024-06-22,Gdansk,54.352,18.6466,metal,teatr,402,288,120.0,34560
50606,2025-10-14,Warszawa,52.2297,21.0122,folk,klub,571,439,60.0,26340
50607,2024-06-16,Lodz,51.7592,19.456,indie,klub,810,488,90.0,43920
50608,2024-06-18,Szczecin,53.4285,14.5528,pop,stadion,28307,21266,320.0,6805120
50609,2025-01-27,Warszawa,52.2297,21.0122,electronic,teatr,1693,1466,190.0,278540
50610,2025-09-25,Szczecin,53.4285,14.5528,classical,teatr,846,377,100.0,37700
50611,2024-07-12,Wroclaw,51.1079,17.0385,hip-hop,klub,1476,968,130.0,125840
50612,2025-05-31,Lublin,51.2465,22.5684,metal,festiwal,60492,46853,250.0,11713250
50613,2024-01-29,Katowice,50.2649,19.0238,hip-hop,klub,614,236,110.0,25960
50614,2024-06-13,Gdansk,54.352,18.6466,pop,klub,1318,957,130.0,124410
50615,2025-02-25,Lodz,51.7592,19.456,hip-hop,amfiteatr,7404,6557,230.0,1508110
50616,2024-12-04,Lublin,51.2465,22.5684,classical,klub,1091,646,50.0,32300
50617,2025-10-09,Wroclaw,51.1079,17.0385,pop,klub,1247,962,160.0,153920
50618,2025-05-10,Krakow,50.0647,19.945,metal,klub,862,523,100.0,52300
50619,2024-12-30,Lodz,51.7592,19.456,rock,amfiteatr,7469,6514,140.0,911960
50620,2024-12-07,Katowice,50.2649,19.0238,folk,teatr,1473,897,130.0,116610
50621,2025-05-14,Katowice,50.2649,19.0238,pop,festiwal,25386,13983,390.0,5453370
50622,2025-10-18,Katowice,50.2649,19.0238,reggae,teatr,670,501,140.0,70140
50623,2025-05-25,Wroclaw,51.1079,17.0385,classical,klub,761,522,60.0,31320
50624,2024-11-22,Katowice,50.2649,19.0238,pop,arena,9947,6959,270.0,1878930
50625,2024-08-04,Warszawa,52.2297,21.0122,pop,klub,446,310,140.0,43400
50626,2024-10-27,Poznan,52.4064,16.9252,reggae,klub,586,393,80.0,31440
50627,2024-05-11,Warszawa,52.2297,21.0122,metal,arena,7797,7690,210.0,1614900
50628,2024-03-10,Krakow,50.0647,19.945,pop,amfiteatr,6568,3502,140.0,490280
50629,2024-09-08,Wroclaw,51.1079,17.0385,folk,klub,1183,1008,70.0,70560
50630,2025-02-18,Wroclaw,51.1079,17.0385,hip-hop,klub,551,294,140.0,41160
50631,2025-03-20,Lodz,51.7592,19.456,metal,klub,1479,480,90.0,43200
50632,2024-06-30,Wroclaw,51.1079,17.0385,folk,klub,1445,1007,70.0,70490
50633,2024-06-15,Poznan,52.4064,16.9252,metal,amfiteatr,3407,2254,120.0,270480
50634,2024-03-31,Krakow,50.0647,19.945,folk,arena,9924,7104,110.0,781440
50635,2025-12-14,Wroclaw,51.1079,17.0385,classical,arena,12216,5116,200.0,1023200
50636,2025-06-14,Krakow,50.0647,19.945,folk,teatr,945,623,100.0,62300
50637,2024-02-08,Warszawa,52.2297,21.0122,jazz,klub,278,251,90.0,22590
50638,2024-05-05,Gdansk,54.352,18.6466,folk,arena,13573,11741,130.0,1526330
50639,2025-03-26,Lodz,51.7592,19.456,rock,arena,12080,10346,270.0,2793420
50640,2024-06-21,Gdansk,54.352,18.6466,rock,stadion,68476,58654,370.0,21701980
50641,2025-10-14,Poznan,52.4064,16.9252,indie,amfiteatr,2605,2482,110.0,273020
50642,2024-08-07,Wroclaw,51.1079,17.0385,jazz,teatr,901,800,110.0,88000
50643,2025-09-29,Lublin,51.2465,22.5684,jazz,klub,964,874,120.0,104880
50644,2024-02-27,Poznan,52.4064,16.9252,hip-hop,teatr,1320,1103,240.0,264720
50645,2025-10-21,Poznan,52.4064,16.9252,jazz,klub,749,398,90.0,35820
50646,2025-04-20,Warszawa,52.2297,21.0122,hip-hop,klub,213,124,160.0,19840
50647,2025-03-31,Wroclaw,51.1079,17.0385,indie,klub,591,550,70.0,38500
50648,2024-12-26,Wroclaw,51.1079,17.0385,indie,klub,509,335,50.0,16750
50649,2024-01-01,Wroclaw,51.1079,17.0385,classical,arena,14831,7565,180.0,1361700
50650,2025-01-21,Gdansk,54.352,18.6466,rock,festiwal,21357,12268,240.0,2944320
50651,2024-12-13,Poznan,52.4064,16.9252,folk,amfiteatr,5935,4232,80.0,338560
50652,2024-07-08,Gdansk,54.352,18.6466,folk,arena,5644,4585,100.0,458500
50653,2025-05-19,Katowice,50.2649,19.0238,reggae,arena,4045,3440,160.0,550400
50654,2024-07-09,Katowice,50.2649,19.0238,reggae,klub,490,360,70.0,25200
50655,2025-05-22,Lodz,51.7592,19.456,electronic,klub,505,419,100.0,41900
50656,2025-01-03,Szczecin,53.4285,14.5528,metal,stadion,39065,23973,290.0,6952170
50657,2025-02-12,Warszawa,52.2297,21.0122,classical,arena,6199,4447,190.0,844930
50658,2024-04-26,Krakow,50.0647,19.945,electronic,teatr,1024,471,210.0,98910
50659,2024-05-13,Warszawa,52.2297,21.0122,electronic,klub,1138,625,140.0,87500
50660,2024-02-27,Gdansk,54.352,18.6466,pop,klub,1496,1107,170.0,188190
50661,2025-07-09,Bialystok,53.1325,23.1688,pop,arena,11633,8267,300.0,2480100
50662,2025-11-15,Krakow,50.0647,19.945,electronic,klub,702,359,100.0,35900
50663,2025-11-02,Bialystok,53.1325,23.1688,jazz,klub,329,246,120.0,29520
50664,2024-06-21,Warszawa,52.2297,21.0122,metal,teatr,1555,1328,170.0,225760
50665,2024-05-28,Bialystok,53.1325,23.1688,classical,klub,796,675,60.0,40500
50666,2024-03-20,Wroclaw,51.1079,17.0385,electronic,festiwal,16054,13921,210.0,2923410
50667,2024-07-31,Warszawa,52.2297,21.0122,folk,klub,1061,952,80.0,76160
50668,2024-07-21,Poznan,52.4064,16.9252,metal,klub,792,622,70.0,43540
50669,2024-08-16,Krakow,50.0647,19.945,pop,klub,1198,1018,110.0,111980
50670,2025-11-06,Krakow,50.0647,19.945,folk,teatr,724,456,130.0,59280
50671,2024-08-14,Krakow,50.0647,19.945,pop,klub,1292,891,190.0,169290
50672,2025-10-20,Katowice,50.2649,19.0238,pop,teatr,847,626,270.0,169020
50673,2025-06-15,Poznan,52.4064,16.9252,metal,klub,1018,872,80.0,69760
50674,2025-03-16,Krakow,50.0647,19.945,pop,teatr,1588,1529,180.0,275220
50675,2025-02-05,Gdansk,54.352,18.6466,indie,klub,908,560,80.0,44800
50676,2024-02-16,Lodz,51.7592,19.456,rock,festiwal,76985,72253,160.0,11560480
50677,2024-08-20,Krakow,50.0647,19.945,indie,stadion,44426,17495,200.0,3499000
50678,2024-10-31,Wroclaw,51.1079,17.0385,rock,amfiteatr,4159,3652,130.0,474760
50679,2025-06-09,Warszawa,52.2297,21.0122,reggae,klub,1031,821,100.0,82100
50680,2024-05-22,Warszawa,52.2297,21.0122,reggae,klub,873,651,80.0,52080
50681,2025-02-18,Lodz,51.7592,19.456,pop,klub,356,199,120.0,23880
50682,2025-05-27,Warszawa,52.2297,21.0122,classical,teatr,1845,993,170.0,168810
50683,2025-01-07,Poznan,52.4064,16.9252,classical,arena,13490,12474,130.0,1621620
50684,2025-07-19,Lodz,51.7592,19.456,rock,teatr,1277,1163,160.0,186080
50685,2024-09-15,Warszawa,52.2297,21.0122,folk,klub,729,473,80.0,37840
50686,2025-10-17,Gdansk,54.352,18.6466,metal,klub,526,393,90.0,35370
50687,2025-04-15,Krakow,50.0647,19.945,pop,klub,1160,688,140.0,96320
50688,2024-01-12,Szczecin,53.4285,14.5528,metal,amfiteatr,6490,4228,130.0,549640
50689,2024-11-25,Poznan,52.4064,16.9252,indie,festiwal,10215,5049,120.0,605880
50690,2024-12-23,Katowice,50.2649,19.0238,classical,amfiteatr,4831,1218,80.0,97440
50691,2025-02-11,Poznan,52.4064,16.9252,jazz,klub,324,194,110.0,21340
50692,2025-10-29,Warszawa,52.2297,21.0122,indie,festiwal,78689,48575,170.0,8257750
50693,2025-01-07,Gdansk,54.352,18.6466,indie,festiwal,33834,28719,130.0,3733470
50694,2024-01-08,Szczecin,53.4285,14.5528,rock,klub,258,234,100.0,23400
50695,2024-05-01,Gdansk,54.352,18.6466,hip-hop,teatr,1967,1747,290.0,506630
50696,2024-12-13,Katowice,50.2649,19.0238,indie,amfiteatr,3708,2586,140.0,362040
50697,2025-11-06,Lublin,51.2465,22.5684,pop,amfiteatr,3831,2290,210.0,480900
50698,2024-03-30,Krakow,50.0647,19.945,electronic,teatr,505,371,240.0,89040
50699,2025-10-09,Krakow,50.0647,19.945,electronic,klub,1328,1130,140.0,158200
50700,2025-11-28,Gdansk,54.352,18.6466,pop,klub,427,337,130.0,43810
50701,2024-11-11,Wroclaw,51.1079,17.0385,hip-hop,amfiteatr,5153,3545,130.0,460850
50702,2024-06-26,Lublin,51.2465,22.5684,hip-hop,klub,517,465,100.0,46500
50703,2025-06-23,Bialystok,53.1325,23.1688,rock,teatr,1887,1139,230.0,261970
50704,2024-02-10,Wroclaw,51.1079,17.0385,classical,teatr,1201,1049,160.0,167840
50705,2025-12-04,Krakow,50.0647,19.945,metal,festiwal,14567,5343,240.0,1282320
50706,2025-05-16,Katowice,50.2649,19.0238,hip-hop,amfiteatr,2579,646,140.0,90440
50707,2024-05-24,Krakow,50.0647,19.945,jazz,klub,824,586,100.0,58600
50708,2024-07-19,Katowice,50.2649,19.0238,rock,klub,212,177,130.0,23010
50709,2025-12-24,Wroclaw,51.1079,17.0385,reggae,klub,1241,1151,100.0,115100
50710,2025-04-05,Lodz,51.7592,19.456,folk,arena,5741,2878,80.0,230240
50711,2025-07-11,Warszawa,52.2297,21.0122,reggae,klub,1172,760,90.0,68400
50712,2025-06-30,Gdansk,54.352,18.6466,rock,klub,312,236,70.0,16520
50713,2024-09-09,Poznan,52.4064,16.9252,indie,teatr,628,385,140.0,53900
50714,2025-01-24,Gdansk,54.352,18.6466,metal,amfiteatr,1670,1499,160.0,239840
50715,2025-08-16,Warszawa,52.2297,21.0122,folk,klub,494,377,50.0,18850
50716,2024-09-12,Lodz,51.7592,19.456,reggae,klub,388,201,100.0,20100
50717,2025-12-09,Lublin,51.2465,22.5684,folk,amfiteatr,1925,1816,70.0,127120
50718,2025-03-25,Krakow,50.0647,19.945,jazz,klub,1176,1072,120.0,128640
50719,2024-01-10,Warszawa,52.2297,21.0122,jazz,klub,1302,622,80.0,49760
50720,2024-08-29,Warszawa,52.2297,21.0122,jazz,klub,857,696,110.0,76560
50721,2024-09-07,Gdansk,54.352,18.6466,rock,stadion,53686,39689,360.0,14288040
50722,2024-01-05,Gdansk,54.352,18.6466,metal,klub,1405,1159,90.0,104310
50723,2024-04-28,Poznan,52.4064,16.9252,rock,amfiteatr,1998,1438,160.0,230080
50724,2025-01-08,Krakow,50.0647,19.945,electronic,arena,5809,5525,210.0,1160250
50725,2024-03-05,Wroclaw,51.1079,17.0385,indie,arena,7961,5214,110.0,573540
50726,2024-05-25,Gdansk,54.352,18.6466,indie,klub,1025,886,80.0,70880
50727,2024-08-11,Poznan,52.4064,16.9252,jazz,arena,6779,4600,210.0,966000
50728,2024-08-26,Szczecin,53.4285,14.5528,electronic,festiwal,52818,38811,320.0,12419520
50729,2024-06-25,Warszawa,52.2297,21.0122,hip-hop,teatr,470,397,280.0,111160
50730,2024-10-08,Lodz,51.7592,19.456,hip-hop,teatr,647,492,230.0,113160
50731,2024-03-03,Wroclaw,51.1079,17.0385,jazz,stadion,20145,14663,280.0,4105640
50732,2024-08-04,Wroclaw,51.1079,17.0385,reggae,amfiteatr,7237,4120,140.0,576800
50733,2025-11-19,Lodz,51.7592,19.456,rock,teatr,1719,1497,190.0,284430
50734,2025-04-05,Lodz,51.7592,19.456,jazz,teatr,981,691,120.0,82920
50735,2025-09-01,Szczecin,53.4285,14.5528,classical,klub,669,405,80.0,32400
50736,2024-04-14,Warszawa,52.2297,21.0122,folk,klub,392,122,80.0,9760
50737,2024-04-08,Warszawa,52.2297,21.0122,indie,klub,1291,1079,80.0,86320
50738,2025-05-25,Lodz,51.7592,19.456,hip-hop,festiwal,49405,37543,330.0,12389190
50739,2025-01-19,Gdansk,54.352,18.6466,pop,arena,11243,7181,220.0,1579820
50740,2025-02-08,Krakow,50.0647,19.945,hip-hop,arena,5410,3282,320.0,1050240
50741,2025-06-01,Warszawa,52.2297,21.0122,indie,amfiteatr,3320,2389,100.0,238900
50742,2025-04-20,Warszawa,52.2297,21.0122,folk,amfiteatr,4464,2981,100.0,298100
50743,2025-12-09,Bialystok,53.1325,23.1688,indie,amfiteatr,4021,2874,70.0,201180
50744,2025-10-06,Krakow,50.0647,19.945,pop,klub,720,665,110.0,73150
50745,2025-03-12,Krakow,50.0647,19.945,jazz,festiwal,72894,53400,240.0,12816000
50746,2024-01-23,Krakow,50.0647,19.945,electronic,klub,890,452,150.0,67800
50747,2025-07-18,Wroclaw,51.1079,17.0385,pop,klub,1421,900,130.0,117000
50748,2025-11-07,Warszawa,52.2297,21.0122,indie,klub,1351,1268,50.0,63400
50749,2025-12-14,Poznan,52.4064,16.9252,indie,klub,731,604,70.0,42280
50750,2025-04-02,Warszawa,52.2297,21.0122,classical,arena,9103,5946,100.0,594600
50751,2024-03-23,Katowice,50.2649,19.0238,classical,teatr,1834,781,110.0,85910
50752,2024-05-24,Krakow,50.0647,19.945,metal,klub,1039,754,120.0,90480
50753,2024-03-25,Poznan,52.4064,16.9252,classical,teatr,1488,1204,180.0,216720
50754,2024-03-18,Lublin,51.2465,22.5684,rock,arena,3240,2750,150.0,412500
50755,2025-04-01,Gdansk,54.352,18.6466,electronic,klub,735,655,120.0,78600
50756,2024-01-01,Poznan,52.4064,16.9252,folk,arena,12599,10769,100.0,1076900
50757,2024-02-20,Krakow,50.0647,19.945,pop,klub,282,221,110.0,24310
50758,2025-11-15,Wroclaw,51.1079,17.0385,indie,stadion,57845,29136,150.0,4370400
50759,2025-12-17,Lodz,51.7592,19.456,metal,arena,6768,4016,200.0,803200
50760,2025-03-21,Szczecin,53.4285,14.5528,metal,klub,1150,810,70.0,56700
50761,2025-03-24,Lodz,51.7592,19.456,folk,klub,810,433,60.0,25980
50762,2025-05-02,Gdansk,54.352,18.6466,electronic,arena,9429,6967,170.0,1184390
50763,2024-02-03,Lodz,51.7592,19.456,pop,amfiteatr,6584,6076,180.0,1093680
50764,2024-12-13,Poznan,52.4064,16.9252,hip-hop,klub,658,338,110.0,37180
50765,2024-04-04,Warszawa,52.2297,21.0122,classical,teatr,1635,1532,170.0,260440
50766,2024-03-12,Gdansk,54.352,18.6466,jazz,festiwal,28557,17933,230.0,4124590
50767,2025-07-04,Szczecin,53.4285,14.5528,metal,amfiteatr,4984,2890,180.0,520200
50768,2024-06-02,Warszawa,52.2297,21.0122,classical,teatr,1922,1724,130.0,224120
50769,2024-09-06,Lodz,51.7592,19.456,classical,stadion,26568,24666,180.0,4439880
50770,2025-11-04,Krakow,50.0647,19.945,rock,festiwal,16080,14540,220.0,3198800
50771,2025-03-13,Poznan,52.4064,16.9252,electronic,amfiteatr,7162,5913,110.0,650430
50772,2024-04-27,Warszawa,52.2297,21.0122,jazz,klub,1381,780,110.0,85800
50773,2024-11-01,Poznan,52.4064,16.9252,hip-hop,klub,311,125,120.0,15000
50774,2024-09-24,Katowice,50.2649,19.0238,indie,klub,601,578,60.0,34680
50775,2024-02-23,Wroclaw,51.1079,17.0385,rock,teatr,521,324,200.0,64800
50776,2024-08-23,Lodz,51.7592,19.456,classical,teatr,672,437,130.0,56810
50777,2025-01-23,Katowice,50.2649,19.0238,classical,klub,597,507,110.0,55770
50778,2025-02-04,Bialystok,53.1325,23.1688,reggae,stadion,47094,32504,190.0,6175760
50779,2025-09-15,Krakow,50.0647,19.945,jazz,arena,4230,2596,190.0,493240
50780,2024-10-29,Wroclaw,51.1079,17.0385,jazz,klub,1333,477,80.0,38160
50781,2024-07-25,Warszawa,52.2297,21.0122,reggae,amfiteatr,2801,2159,150.0,323850
50782,2024-08-16,Szczecin,53.4285,14.5528,jazz,klub,768,500,90.0,45000
50783,2025-07-31,Bialystok,53.1325,23.1688,classical,klub,1337,1085,90.0,97650
50784,2024-03-15,Poznan,52.4064,16.9252,metal,stadion,38300,30459,200.0,6091800
50785,2025-03-10,Lublin,51.2465,22.5684,pop,teatr,1296,904,290.0,262160
50786,2024-04-12,Poznan,52.4064,16.9252,classical,klub,1019,731,70.0,51170
50787,2025-02-25,Gdansk,54.352,18.6466,rock,festiwal,70892,63919,230.0,14701370
50788,2025-12-04,Warszawa,52.2297,21.0122,electronic,arena,5757,4470,270.0,1206900
50789,2024-11-01,Katowice,50.2649,19.0238,reggae,klub,520,332,110.0,36520
50790,2024-04-07,Warszawa,52.2297,21.0122,hip-hop,klub,378,300,130.0,39000
50791,2024-11-30,Katowice,50.2649,19.0238,indie,stadion,61856,50587,230.0,11635010
50792,2025-03-10,Katowice,50.2649,19.0238,hip-hop,klub,418,332,90.0,29880
50793,2025-03-22,Lodz,51.7592,19.456,classical,amfiteatr,7568,3914,140.0,547960
50794,2024-11-03,Warszawa,52.2297,21.0122,rock,teatr,1951,1385,210.0,290850
50795,2024-09-05,Krakow,50.0647,19.945,classical,amfiteatr,1991,1644,110.0,180840
50796,2024-06-14,Krakow,50.0647,19.945,electronic,klub,260,91,150.0,13650
50797,2025-04-25,Wroclaw,51.1079,17.0385,metal,amfiteatr,2577,446,180.0,80280
50798,2024-11-30,Warszawa,52.2297,21.0122,indie,arena,9681,4629,120.0,555480
50799,2025-06-25,Szczecin,53.4285,14.5528,electronic,klub,1047,511,140.0,71540
50800,2024-04-15,Gdansk,54.352,18.6466,reggae,klub,1187,1052,60.0,63120
50801,2025-07-16,Krakow,50.0647,19.945,reggae,klub,264,212,100.0,21200
50802,2024-03-21,Wroclaw,51.1079,17.0385,classical,festiwal,59737,28394,190.0,5394860
50803,2024-05-12,Wroclaw,51.1079,17.0385,rock,arena,8823,3572,150.0,535800
50804,2024-05-17,Gdansk,54.352,18.6466,electronic,klub,370,320,130.0,41600
50805,2024-07-02,Poznan,52.4064,16.9252,folk,festiwal,42016,24913,150.0,3736950
50806,2025-02-04,Bialystok,53.1325,23.1688,rock,klub,734,303,120.0,36360
50807,2024-11-25,Poznan,52.4064,16.9252,metal,stadion,39846,19193,230.0,4414390
50808,2025-05-22,Szczecin,53.4285,14.5528,reggae,klub,892,673,70.0,47110
50809,2024-03-09,Lublin,51.2465,22.5684,classical,teatr,1750,1148,160.0,183680
50810,2025-06-29,Krakow,50.0647,19.945,jazz,teatr,507,380,140.0,53200
50811,2024-02-22,Bialystok,53.1325,23.1688,reggae,arena,8966,7718,140.0,1080520
50812,2025-03-25,Warszawa,52.2297,21.0122,indie,klub,1385,989,80.0,79120
50813,2024-07-23,Katowice,50.2649,19.0238,pop,klub,1013,917,110.0,100870
50814,2024-05-05,Wroclaw,51.1079,17.0385,jazz,teatr,1404,715,170.0,121550
50815,2024-02-12,Lublin,51.2465,22.5684,classical,klub,651,370,90.0,33300
50816,2024-04-20,Lublin,51.2465,22.5684,folk,klub,1429,1181,70.0,82670
50817,2025-10-24,Katowice,50.2649,19.0238,jazz,klub,789,487,90.0,43830
50818,2024-07-01,Katowice,50.2649,19.0238,indie,arena,11518,9506,130.0,1235780
50819,2024-04-04,Krakow,50.0647,19.945,rock,arena,7703,5210,180.0,937800
50820,2025-01-08,Warszawa,52.2297,21.0122,folk,teatr,1058,1019,140.0,142660
50821,2025-06-03,Wroclaw,51.1079,17.0385,reggae,klub,201,154,60.0,9240
50822,2024-12-25,Warszawa,52.2297,21.0122,folk,klub,1233,1021,90.0,91890
50823,2025-11-26,Lodz,51.7592,19.456,electronic,teatr,833,665,220.0,146300
50824,2024-10-07,Wroclaw,51.1079,17.0385,indie,teatr,524,433,160.0,69280
50825,2024-07-13,Szczecin,53.4285,14.5528,jazz,klub,1304,989,90.0,89010
50826,2024-07-13,Gdansk,54.352,18.6466,electronic,arena,13891,10530,190.0,2000700
50827,2025-10-28,Katowice,50.2649,19.0238,folk,klub,1373,726,80.0,58080
50828,2024-04-02,Warszawa,52.2297,21.0122,electronic,amfiteatr,4420,2735,120.0,328200
50829,2025-11-02,Lublin,51.2465,22.5684,hip-hop,klub,328,159,100.0,15900
50830,2024-03-01,Bialystok,53.1325,23.1688,indie,amfiteatr,1937,977,90.0,87930
50831,2025-09-25,Poznan,52.4064,16.9252,metal,festiwal,45897,42400,290.0,12296000
50832,2024-02-20,Gdansk,54.352,18.6466,rock,arena,12413,8259,220.0,1816980
50833,2025-02-06,Katowice,50.2649,19.0238,folk,klub,410,384,70.0,26880
50834,2024-01-05,Warszawa,52.2297,21.0122,indie,arena,11081,7637,160.0,1221920
50835,2025-04-10,Poznan,52.4064,16.9252,metal,arena,3901,1925,180.0,346500
50836,2025-08-26,Wroclaw,51.1079,17.0385,metal,klub,244,142,120.0,17040
50837,2025-11-12,Warszawa,52.2297,21.0122,classical,festiwal,65830,51124,160.0,8179840
50838,2025-06-17,Wroclaw,51.1079,17.0385,electronic,amfiteatr,7029,3157,200.0,631400
50839,2025-02-08,Warszawa,52.2297,21.0122,metal,stadion,49062,35277,220.0,7760940
50840,2025-05-27,Warszawa,52.2297,21.0122,hip-hop,teatr,1467,875,190.0,166250
50841,2025-10-06,Warszawa,52.2297,21.0122,indie,klub,226,109,70.0,7630
50842,2024-08-20,Szczecin,53.4285,14.5528,pop,arena,9937,7615,260.0,1979900
50843,2025-06-07,Poznan,52.4064,16.9252,pop,klub,1320,639,160.0,102240
50844,2024-12-11,Szczecin,53.4285,14.5528,folk,festiwal,49886,37082,130.0,4820660
50845,2024-02-15,Wroclaw,51.1079,17.0385,reggae,amfiteatr,2047,1375,90.0,123750
50846,2025-06-29,Krakow,50.0647,19.945,electronic,festiwal,35279,21514,250.0,5378500
50847,2024-03-18,Poznan,52.4064,16.9252,reggae,klub,1442,1127,80.0,90160
50848,2025-12-30,Wroclaw,51.1079,17.0385,metal,klub,384,355,80.0,28400
50849,2024-03-13,Warszawa,52.2297,21.0122,indie,stadion,55908,34780,200.0,6956000
50850,2024-09-05,Gdansk,54.352,18.6466,folk,arena,10996,5502,110.0,605220
50851,2024-02-16,Krakow,50.0647,19.945,jazz,teatr,1553,1210,150.0,181500
50852,2024-04-30,Gdansk,54.352,18.6466,metal,teatr,1990,657,150.0,98550
50853,2024-08-01,Gdansk,54.352,18.6466,electronic,festiwal,50544,44059,320.0,14098880
50854,2024-08-26,Warszawa,52.2297,21.0122,pop,klub,1047,436,160.0,69760
50855,2024-02-25,Warszawa,52.2297,21.0122,classical,klub,798,578,70.0,40460
50856,2024-12-15,Katowice,50.2649,19.0238,indie,klub,1005,870,80.0,69600
50857,2024-04-16,Poznan,52.4064,16.9252,rock,klub,1377,1313,140.0,183820
50858,2024-02-17,Warszawa,52.2297,21.0122,reggae,arena,14810,10178,140.0,1424920
50859,2025-07-26,Szczecin,53.4285,14.5528,folk,festiwal,69470,54545,170.0,9272650
50860,2024-12-02,Warszawa,52.2297,21.0122,reggae,festiwal,73656,69690,130.0,9059700
50861,2024-01-26,Lodz,51.7592,19.456,indie,klub,880,588,90.0,52920
50862,2024-09-13,Szczecin,53.4285,14.5528,reggae,klub,782,545,80.0,43600
50863,2024-01-08,Krakow,50.0647,19.945,indie,klub,714,323,60.0,19380
50864,2025-09-16,Warszawa,52.2297,21.0122,reggae,klub,231,163,80.0,13040
50865,2024-09-09,Warszawa,52.2297,21.0122,hip-hop,teatr,686,533,300.0,159900
50866,2025-11-22,Krakow,50.0647,19.945,jazz,klub,793,658,110.0,72380
50867,2025-12-19,Warszawa,52.2297,21.0122,metal,arena,6114,4619,200.0,923800
50868,2024-10-29,Lodz,51.7592,19.456,metal,klub,816,404,80.0,32320
50869,2025-09-30,Warszawa,52.2297,21.0122,electronic,amfiteatr,5144,3741,160.0,598560
50870,2024-02-25,Poznan,52.4064,16.9252,rock,stadion,37587,20742,240.0,4978080
50871,2025-12-26,Szczecin,53.4285,14.5528,rock,klub,717,345,80.0,27600
50872,2025-06-09,Katowice,50.2649,19.0238,electronic,arena,6174,4210,220.0,926200
50873,2025-04-18,Gdansk,54.352,18.6466,classical,teatr,1433,1180,170.0,200600
50874,2024-01-28,Krakow,50.0647,19.945,metal,amfiteatr,4130,3247,160.0,519520
50875,2024-03-18,Gdansk,54.352,18.6466,classical,klub,1313,1055,70.0,73850
50876,2024-08-03,Poznan,52.4064,16.9252,indie,amfiteatr,5821,1917,110.0,210870
50877,2025-01-20,Wroclaw,51.1079,17.0385,indie,amfiteatr,2169,1515,140.0,212100
50878,2024-12-30,Warszawa,52.2297,21.0122,pop,amfiteatr,7359,4574,240.0,1097760
50879,2025-10-27,Lublin,51.2465,22.5684,reggae,festiwal,65421,54903,200.0,10980600
50880,2025-06-09,Poznan,52.4064,16.9252,rock,festiwal,33760,24840,310.0,7700400
50881,2025-11-29,Krakow,50.0647,19.945,pop,arena,14360,5408,330.0,1784640
50882,2024-11-07,Wroclaw,51.1079,17.0385,jazz,teatr,473,331,120.0,39720
50883,2024-01-07,Wroclaw,51.1079,17.0385,electronic,arena,7078,6109,200.0,1221800
50884,2024-01-03,Katowice,50.2649,19.0238,electronic,festiwal,15801,10397,330.0,3431010
50885,2025-09-14,Lodz,51.7592,19.456,indie,arena,7151,2725,140.0,381500
50886,2024-12-28,Katowice,50.2649,19.0238,metal,teatr,1119,536,130.0,69680
50887,2025-05-22,Warszawa,52.2297,21.0122,classical,teatr,952,630,130.0,81900
50888,2024-09-30,Wroclaw,51.1079,17.0385,rock,klub,231,133,120.0,15960
50889,2025-05-20,Poznan,52.4064,16.9252,pop,teatr,1950,1452,340.0,493680
50890,2024-01-15,Warszawa,52.2297,21.0122,classical,arena,3666,2953,130.0,383890
50891,2024-07-10,Krakow,50.0647,19.945,pop,teatr,683,261,250.0,65250
50892,2025-09-22,Katowice,50.2649,19.0238,reggae,arena,8840,5422,190.0,1030180
50893,2025-04-29,Warszawa,52.2297,21.0122,jazz,klub,386,334,90.0,30060
50894,2024-01-28,Poznan,52.4064,16.9252,jazz,amfiteatr,6093,1224,100.0,122400
50895,2025-12-14,Krakow,50.0647,19.945,classical,klub,329,265,110.0,29150
50896,2024-02-08,Warszawa,52.2297,21.0122,classical,teatr,1038,650,140.0,91000
50897,2024-09-29,Krakow,50.0647,19.945,classical,arena,9257,7969,150.0,1195350
50898,2024-08-18,Szczecin,53.4285,14.5528,pop,arena,10366,6246,300.0,1873800
50899,2024-03-26,Katowice,50.2649,19.0238,reggae,klub,212,171,50.0,8550
50900,2025-04-18,Szczecin,53.4285,14.5528,hip-hop,stadion,35630,32346,440.0,14232240
50901,2024-05-05,Poznan,52.4064,16.9252,classical,klub,1438,987,70.0,69090
50902,2025-06-20,Warszawa,52.2297,21.0122,metal,klub,643,509,100.0,50900
50903,2024-05-24,Poznan,52.4064,16.9252,rock,klub,646,467,90.0,42030
50904,2025-06-08,Poznan,52.4064,16.9252,rock,klub,1185,913,100.0,91300
50905,2024-07-30,Lublin,51.2465,22.5684,pop,amfiteatr,2492,1804,250.0,451000
50906,2024-01-25,Warszawa,52.2297,21.0122,classical,amfiteatr,3621,2282,140.0,319480
50907,2025-08-02,Poznan,52.4064,16.9252,indie,klub,736,498,90.0,44820
50908,2025-01-28,Warszawa,52.2297,21.0122,electronic,teatr,500,327,190.0,62130
50909,2024-03-07,Krakow,50.0647,19.945,hip-hop,klub,375,353,150.0,52950
50910,2024-08-20,Lodz,51.7592,19.456,metal,festiwal,29572,25524,220.0,5615280
50911,2024-04-18,Poznan,52.4064,16.9252,reggae,teatr,1589,1282,170.0,217940
50912,2024-05-25,Wroclaw,51.1079,17.0385,indie,amfiteatr,5636,4107,120.0,492840
50913,2024-04-20,Wroclaw,51.1079,17.0385,jazz,arena,3343,3005,160.0,480800
50914,2024-08-15,Poznan,52.4064,16.9252,indie,teatr,1847,960,110.0,105600
50915,2024-04-20,Katowice,50.2649,19.0238,pop,klub,565,513,120.0,61560
50916,2025-04-14,Bialystok,53.1325,23.1688,hip-hop,amfiteatr,6204,4120,200.0,824000
50917,2024-02-03,Szczecin,53.4285,14.5528,folk,klub,856,690,90.0,62100
50918,2025-09-14,Katowice,50.2649,19.0238,folk,festiwal,14823,9720,110.0,1069200
50919,2025-01-03,Krakow,50.0647,19.945,classical,festiwal,29585,14735,130.0,1915550
50920,2025-08-17,Lodz,51.7592,19.456,classical,festiwal,27272,22528,130.0,2928640
50921,2025-07-07,Wroclaw,51.1079,17.0385,pop,klub,1183,1167,170.0,198390
50922,2025-02-28,Krakow,50.0647,19.945,reggae,amfiteatr,5220,3866,100.0,386600
50923,2025-09-04,Lublin,51.2465,22.5684,classical,klub,1035,977,70.0,68390
50924,2025-06-01,Warszawa,52.2297,21.0122,electronic,festiwal,25696,19222,230.0,4421060
50925,2025-11-22,Bialystok,53.1325,23.1688,hip-hop,klub,1496,1380,150.0,207000
50926,2024-10-08,Poznan,52.4064,16.9252,pop,klub,316,254,150.0,38100
50927,2024-11-15,Gdansk,54.352,18.6466,rock,arena,9961,8242,240.0,1978080
50928,2025-03-18,Lodz,51.7592,19.456,jazz,arena,5415,3604,160.0,576640
50929,2024-11-10,Bialystok,53.1325,23.1688,pop,klub,1317,507,140.0,70980
50930,2025-01-11,Gdansk,54.352,18.6466,pop,klub,367,212,110.0,23320
50931,2024-10-15,Gdansk,54.352,18.6466,folk,arena,6001,4669,90.0,420210
50932,2025-03-12,Warszawa,52.2297,21.0122,metal,teatr,1764,1063,170.0,180710
50933,2025-10-23,Poznan,52.4064,16.9252,reggae,amfiteatr,4208,2741,100.0,274100
50934,2024-10-03,Warszawa,52.2297,21.0122,metal,klub,894,869,110.0,95590
50935,2025-12-10,Lodz,51.7592,19.456,electronic,klub,1124,920,80.0,73600
50936,2025-08-04,Poznan,52.4064,16.9252,rock,klub,351,268,80.0,21440
50937,2025-05-17,Lodz,51.7592,19.456,folk,klub,785,553,80.0,44240
50938,2025-09-15,Warszawa,52.2297,21.0122,rock,festiwal,67196,49037,250.0,12259250
50939,2025-05-30,Warszawa,52.2297,21.0122,electronic,festiwal,10495,4447,290.0,1289630
50940,2024-12-15,Lodz,51.7592,19.456,metal,klub,300,265,130.0,34450
50941,2025-03-21,Warszawa,52.2297,21.0122,pop,klub,756,542,140.0,75880
50942,2024-12-15,Warszawa,52.2297,21.0122,classical,klub,1305,749,90.0,67410
50943,2025-08-29,Warszawa,52.2297,21.0122,classical,teatr,1952,1171,140.0,163940
50944,2025-10-25,Szczecin,53.4285,14.5528,indie,amfiteatr,3620,2386,90.0,214740
50945,2024-05-16,Lodz,51.7592,19.456,jazz,klub,1237,1175,90.0,105750
50946,2024-08-30,Wroclaw,51.1079,17.0385,reggae,klub,356,264,80.0,21120
50947,2025-06-26,Krakow,50.0647,19.945,electronic,amfiteatr,2234,1957,150.0,293550
50948,2024-02-09,Wroclaw,51.1079,17.0385,jazz,amfiteatr,7775,5996,120.0,719520
50949,2024-08-16,Katowice,50.2649,19.0238,reggae,arena,10505,7570,130.0,984100
50950,2025-07-01,Lodz,51.7592,19.456,jazz,klub,1218,1052,70.0,73640
50951,2024-08-10,Warszawa,52.2297,21.0122,metal,klub,758,581,70.0,40670
50952,2024-01-06,Warszawa,52.2297,21.0122,reggae,stadion,42634,36449,150.0,5467350
50953,2024-11-17,Warszawa,52.2297,21.0122,metal,klub,464,215,80.0,17200
50954,2025-04-12,Lodz,51.7592,19.456,pop,klub,1428,981,130.0,127530
50955,2024-03-15,Katowice,50.2649,19.0238,folk,stadion,52922,19607,180.0,3529260
50956,2024-01-04,Krakow,50.0647,19.945,metal,klub,1187,782,80.0,62560
50957,2025-10-07,Warszawa,52.2297,21.0122,classical,teatr,1396,1190,170.0,202300
50958,2024-04-27,Warszawa,52.2297,21.0122,jazz,klub,446,273,120.0,32760
50959,2025-08-28,Szczecin,53.4285,14.5528,indie,klub,730,646,70.0,45220
50960,2025-05-18,Krakow,50.0647,19.945,hip-hop,stadion,34259,25158,390.0,9811620
50961,2025-07-27,Katowice,50.2649,19.0238,reggae,klub,737,602,70.0,42140
50962,2025-03-16,Gdansk,54.352,18.6466,electronic,amfiteatr,6324,1596,120.0,191520
50963,2024-07-12,Wroclaw,51.1079,17.0385,indie,arena,12369,9583,170.0,1629110
50964,2025-12-15,Krakow,50.0647,19.945,classical,klub,353,176,60.0,10560
50965,2025-01-26,Warszawa,52.2297,21.0122,metal,teatr,491,445,230.0,102350
50966,2024-01-26,Gdansk,54.352,18.6466,folk,klub,537,353,70.0,24710
50967,2025-03-10,Katowice,50.2649,19.0238,pop,amfiteatr,7099,5992,180.0,1078560
50968,2024-06-21,Gdansk,54.352,18.6466,hip-hop,klub,1354,1002,130.0,130260
50969,2024-10-26,Poznan,52.4064,16.9252,rock,arena,14049,7404,200.0,1480800
50970,2025-10-06,Warszawa,52.2297,21.0122,indie,klub,986,636,50.0,31800
50971,2024-11-21,Szczecin,53.4285,14.5528,folk,arena,7368,2975,110.0,327250
50972,2025-02-13,Katowice,50.2649,19.0238,rock,teatr,987,606,220.0,133320
50973,2024-04-27,Krakow,50.0647,19.945,hip-hop,teatr,576,411,230.0,94530
50974,2025-12-24,Szczecin,53.4285,14.5528,electronic,klub,1030,948,100.0,94800
50975,2024-08-12,Gdansk,54.352,18.6466,electronic,klub,842,637,100.0,63700
50976,2025-06-15,Gdansk,54.352,18.6466,jazz,teatr,1472,904,200.0,180800
50977,2024-04-22,Katowice,50.2649,19.0238,hip-hop,amfiteatr,6162,4354,190.0,827260
50978,2024-05-19,Katowice,50.2649,19.0238,hip-hop,klub,865,538,130.0,69940
50979,2025-07-12,Lodz,51.7592,19.456,rock,arena,6426,3766,270.0,1016820
50980,2024-01-01,Warszawa,52.2297,21.0122,folk,klub,1067,732,60.0,43920
50981,2024-03-30,Wroclaw,51.1079,17.0385,reggae,amfiteatr,5201,3454,110.0,379940
50982,2025-10-15,Bialystok,53.1325,23.1688,rock,klub,1269,1076,130.0,139880
50983,2024-11-15,Krakow,50.0647,19.945,pop,klub,501,363,170.0,61710
50984,2025-07-03,Wroclaw,51.1079,17.0385,electronic,teatr,1267,383,170.0,65110
50985,2024-05-18,Wroclaw,51.1079,17.0385,electronic,klub,1111,768,90.0,69120
50986,2025-05-25,Wroclaw,51.1079,17.0385,jazz,arena,4212,2910,200.0,582000
50987,2024-09-15,Gdansk,54.352,18.6466,pop,arena,9965,5726,230.0,1316980
50988,2025-11-03,Szczecin,53.4285,14.5528,electronic,klub,1352,1058,150.0,158700
50989,2025-11-20,Krakow,50.0647,19.945,rock,klub,760,440,80.0,35200
50990,2024-01-10,Warszawa,52.2297,21.0122,pop,arena,10433,2318,240.0,556320
50991,2024-09-17,Krakow,50.0647,19.945,rock,klub,1341,993,80.0,79440
50992,2025-10-11,Lublin,51.2465,22.5684,reggae,stadion,38895,22791,240.0,5469840
50993,2024-06-20,Gdansk,54.352,18.6466,reggae,teatr,543,155,170.0,26350
50994,2024-01-13,Krakow,50.0647,19.945,electronic,teatr,841,197,220.0,43340
50995,2024-06-16,Katowice,50.2649,19.0238,electronic,klub,1423,1266,150.0,189900
50996,2025-10-03,Lublin,51.2465,22.5684,folk,klub,1380,1322,50.0,66100
50997,2025-08-18,Lublin,51.2465,22.5684,reggae,klub,686,492,60.0,29520
50998,2024-11-16,Bialystok,53.1325,23.1688,indie,klub,1059,782,90.0,70380
50999,2024-11-14,Krakow,50.0647,19.945,indie,arena,14397,9113,170.0,1549210
51000,2025-09-04,Katowice,50.2649,19.0238,jazz,festiwal,48799,44024,250.0,11006000
51001,2024-11-24,Poznan,52.4064,16.9252,reggae,klub,347,205,100.0,20500
51002,2025-07-03,Lublin,51.2465,22.5684,rock,klub,1294,1165,100.0,116500
51003,2025-02-22,Lodz,51.7592,19.456,rock,klub,1456,1288,90.0,115920
51004,2025-08-28,Katowice,50.2649,19.0238,classical,festiwal,52317,39719,220.0,8738180
51005,2024-04-04,Lodz,51.7592,19.456,pop,klub,1010,750,130.0,97500
51006,2025-08-03,Warszawa,52.2297,21.0122,metal,festiwal,55254,38762,210.0,8140020
51007,2024-11-13,Poznan,52.4064,16.9252,indie,klub,1384,906,80.0,72480
51008,2024-08-23,Szczecin,53.4285,14.5528,electronic,amfiteatr,6133,2854,140.0,399560
51009,2024-11-29,Szczecin,53.4285,14.5528,jazz,amfiteatr,4692,1624,170.0,276080
51010,2025-01-10,Warszawa,52.2297,21.0122,metal,klub,500,456,70.0,31920
51011,2025-04-03,Warszawa,52.2297,21.0122,hip-hop,klub,923,651,160.0,104160
51012,2024-05-16,Warszawa,52.2297,21.0122,jazz,arena,8694,8222,190.0,1562180
51013,2025-08-10,Lodz,51.7592,19.456,hip-hop,klub,1162,885,140.0,123900
51014,2025-06-30,Katowice,50.2649,19.0238,reggae,festiwal,75603,42756,170.0,7268520
51015,2025-05-27,Krakow,50.0647,19.945,hip-hop,teatr,858,706,190.0,134140
51016,2024-10-22,Poznan,52.4064,16.9252,hip-hop,festiwal,59549,25161,280.0,7045080
51017,2024-11-15,Lublin,51.2465,22.5684,folk,teatr,1019,806,110.0,88660
51018,2025-07-25,Lodz,51.7592,19.456,folk,klub,1363,1105,70.0,77350
51019,2024-12-14,Poznan,52.4064,16.9252,folk,klub,929,715,60.0,42900
51020,2024-08-16,Gdansk,54.352,18.6466,reggae,teatr,955,643,100.0,64300
51021,2024-09-26,Poznan,52.4064,16.9252,metal,klub,980,743,80.0,59440
51022,2024-10-17,Krakow,50.0647,19.945,jazz,festiwal,30045,24661,230.0,5672030
51023,2025-12-25,Gdansk,54.352,18.6466,jazz,klub,1093,1030,70.0,72100
51024,2024-06-13,Lodz,51.7592,19.456,electronic,klub,809,495,150.0,74250
51025,2024-01-05,Lublin,51.2465,22.5684,folk,amfiteatr,4295,2558,110.0,281380
51026,2025-01-13,Gdansk,54.352,18.6466,reggae,klub,481,333,100.0,33300
51027,2024-03-18,Katowice,50.2649,19.0238,electronic,amfiteatr,6591,4304,210.0,903840
51028,2025-02-13,Warszawa,52.2297,21.0122,pop,amfiteatr,3459,1903,160.0,304480
51029,2025-07-27,Poznan,52.4064,16.9252,electronic,teatr,1145,1092,240.0,262080
51030,2024-05-11,Warszawa,52.2297,21.0122,metal,festiwal,68446,50352,220.0,11077440
51031,2025-08-23,Krakow,50.0647,19.945,indie,stadion,67894,50128,240.0,12030720
51032,2024-02-11,Lodz,51.7592,19.456,hip-hop,amfiteatr,7947,6903,240.0,1656720
51033,2024-03-29,Szczecin,53.4285,14.5528,folk,klub,329,251,50.0,12550
51034,2025-02-05,Warszawa,52.2297,21.0122,indie,arena,4299,3318,130.0,431340
51035,2024-10-22,Wroclaw,51.1079,17.0385,electronic,festiwal,14994,14653,260.0,3809780
51036,2024-10-21,Katowice,50.2649,19.0238,reggae,arena,10489,6025,170.0,1024250
51037,2025-09-07,Krakow,50.0647,19.945,hip-hop,arena,12727,7947,210.0,1668870
51038,2025-06-09,Gdansk,54.352,18.6466,jazz,klub,277,246,80.0,19680
51039,2025-11-21,Lodz,51.7592,19.456,rock,stadion,22831,12465,260.0,3240900
51040,2025-09-28,Gdansk,54.352,18.6466,hip-hop,amfiteatr,4910,4304,190.0,817760
51041,2025-02-25,Krakow,50.0647,19.945,metal,klub,873,499,130.0,64870
51042,2024-01-23,Wroclaw,51.1079,17.0385,metal,amfiteatr,5127,2135,170.0,362950
51043,2025-07-28,Katowice,50.2649,19.0238,electronic,festiwal,11996,6195,240.0,1486800
51044,2024-05-22,Gdansk,54.352,18.6466,pop,teatr,1615,1102,180.0,198360
51045,2025-10-26,Warszawa,52.2297,21.0122,metal,stadion,64387,32250,210.0,6772500
51046,2024-05-24,Katowice,50.2649,19.0238,metal,teatr,677,411,170.0,69870
51047,2024-08-12,Warszawa,52.2297,21.0122,reggae,klub,1241,1178,100.0,117800
51048,2025-05-17,Lodz,51.7592,19.456,electronic,teatr,923,775,190.0,147250
51049,2025-09-07,Krakow,50.0647,19.945,hip-hop,klub,379,326,140.0,45640
51050,2024-04-13,Szczecin,53.4285,14.5528,pop,amfiteatr,5718,4732,260.0,1230320
51051,2024-02-08,Wroclaw,51.1079,17.0385,indie,amfiteatr,6865,4624,130.0,601120
51052,2024-07-16,Krakow,50.0647,19.945,rock,klub,1274,897,90.0,80730
51053,2025-10-07,Warszawa,52.2297,21.0122,folk,klub,1294,840,50.0,42000
51054,2025-08-01,Krakow,50.0647,19.945,jazz,teatr,879,526,140.0,73640
51055,2025-01-25,Lublin,51.2465,22.5684,metal,klub,1242,1027,120.0,123240
51056,2024-06-27,Szczecin,53.4285,14.5528,electronic,amfiteatr,3297,2741,220.0,603020
51057,2025-07-07,Wroclaw,51.1079,17.0385,folk,klub,283,249,50.0,12450
51058,2025-03-23,Poznan,52.4064,16.9252,jazz,klub,1378,992,70.0,69440
51059,2025-05-14,Lodz,51.7592,19.456,jazz,amfiteatr,2315,1606,170.0,273020
51060,2024-01-15,Lublin,51.2465,22.5684,indie,festiwal,70038,63445,180.0,11420100
51061,2025-09-14,Gdansk,54.352,18.6466,indie,teatr,842,709,170.0,120530
51062,2025-10-30,Wroclaw,51.1079,17.0385,indie,klub,1292,945,70.0,66150
51063,2024-10-15,Wroclaw,51.1079,17.0385,classical,festiwal,59294,50681,160.0,8108960
51064,2025-04-22,Lodz,51.7592,19.456,classical,stadion,32479,24724,160.0,3955840
51065,2024-08-18,Warszawa,52.2297,21.0122,jazz,festiwal,44178,21697,150.0,3254550
51066,2025-02-23,Gdansk,54.352,18.6466,indie,festiwal,22665,16326,170.0,2775420
51067,2024-06-05,Wroclaw,51.1079,17.0385,reggae,stadion,20534,16631,190.0,3159890
51068,2025-07-03,Katowice,50.2649,19.0238,metal,arena,12908,5352,140.0,749280
51069,2025-03-16,Warszawa,52.2297,21.0122,folk,klub,1232,693,80.0,55440
51070,2024-04-06,Gdansk,54.352,18.6466,folk,teatr,1694,1096,90.0,98640
51071,2025-02-14,Poznan,52.4064,16.9252,classical,klub,292,169,90.0,15210
51072,2024-10-15,Gdansk,54.352,18.6466,jazz,festiwal,32469,10385,180.0,1869300
51073,2024-09-10,Warszawa,52.2297,21.0122,electronic,klub,728,496,140.0,69440
51074,2024-07-14,Gdansk,54.352,18.6466,hip-hop,festiwal,56233,40299,210.0,8462790
51075,2025-08-20,Gdansk,54.352,18.6466,hip-hop,teatr,804,763,270.0,206010
51076,2025-06-05,Gdansk,54.352,18.6466,classical,klub,1039,803,60.0,48180
51077,2025-05-31,Gdansk,54.352,18.6466,electronic,klub,1372,1224,110.0,134640
51078,2025-09-26,Lodz,51.7592,19.456,classical,klub,1088,1029,90.0,92610
51079,2024-04-27,Katowice,50.2649,19.0238,hip-hop,festiwal,44409,32201,220.0,7084220
51080,2024-06-07,Krakow,50.0647,19.945,electronic,teatr,871,583,170.0,99110
51081,2024-08-15,Katowice,50.2649,19.0238,indie,klub,1092,911,90.0,81990
51082,2024-08-03,Poznan,52.4064,16.9252,jazz,teatr,946,581,210.0,122010
51083,2025-11-26,Warszawa,52.2297,21.0122,folk,klub,830,621,50.0,31050
51084,2024-01-15,Warszawa,52.2297,21.0122,reggae,arena,14789,10171,120.0,1220520
51085,2024-06-05,Wroclaw,51.1079,17.0385,pop,amfiteatr,6633,5374,160.0,859840
51086,2025-10-09,Katowice,50.2649,19.0238,jazz,klub,977,565,80.0,45200
51087,2024-09-17,Lodz,51.7592,19.456,indie,arena,6723,4767,180.0,858060
51088,2024-06-05,Katowice,50.2649,19.0238,hip-hop,klub,563,364,140.0,50960
51089,2024-02-16,Poznan,52.4064,16.9252,indie,klub,318,201,70.0,14070
51090,2024-11-19,Wroclaw,51.1079,17.0385,classical,klub,1461,1083,110.0,119130
51091,2025-11-15,Warszawa,52.2297,21.0122,electronic,klub,745,595,120.0,71400
51092,2024-05-09,Wroclaw,51.1079,17.0385,folk,festiwal,13240,5287,160.0,845920
51093,2025-02-14,Wroclaw,51.1079,17.0385,metal,arena,9665,9220,170.0,1567400
51094,2024-04-04,Warszawa,52.2297,21.0122,classical,arena,4936,3259,140.0,456260
51095,2025-09-18,Krakow,50.0647,19.945,jazz,klub,1162,890,100.0,89000
51096,2024-10-18,Gdansk,54.352,18.6466,classical,klub,1157,1087,60.0,65220
51097,2024-10-09,Lodz,51.7592,19.456,jazz,festiwal,10882,6966,170.0,1184220
51098,2024-03-09,Szczecin,53.4285,14.5528,metal,amfiteatr,5340,4001,120.0,480120
51099,2025-10-21,Bialystok,53.1325,23.1688,rock,klub,979,709,70.0,49630
51100,2024-01-11,Gdansk,54.352,18.6466,folk,amfiteatr,2370,2298,100.0,229800
51101,2024-09-10,Wroclaw,51.1079,17.0385,reggae,stadion,66476,62213,220.0,13686860
51102,2025-07-03,Gdansk,54.352,18.6466,reggae,stadion,50825,36290,190.0,6895100
51103,2024-05-13,Katowice,50.2649,19.0238,pop,arena,8204,6225,230.0,1431750
51104,2025-12-12,Warszawa,52.2297,21.0122,indie,klub,413,232,80.0,18560
51105,2024-01-23,Wroclaw,51.1079,17.0385,rock,klub,1344,749,80.0,59920
51106,2024-12-11,Lublin,51.2465,22.5684,reggae,festiwal,13203,5515,180.0,992700
51107,2024-10-28,Wroclaw,51.1079,17.0385,classical,klub,1049,950,100.0,95000
51108,2024-12-28,Gdansk,54.352,18.6466,indie,amfiteatr,3744,3312,80.0,264960
51109,2025-01-30,Gdansk,54.352,18.6466,rock,arena,3018,2406,240.0,577440
51110,2024-08-05,Warszawa,52.2297,21.0122,electronic,klub,841,536,140.0,75040
51111,2024-05-20,Wroclaw,51.1079,17.0385,electronic,teatr,1435,968,140.0,135520
51112,2025-09-07,Wroclaw,51.1079,17.0385,indie,klub,1304,850,50.0,42500
51113,2024-07-28,Warszawa,52.2297,21.0122,jazz,arena,11521,8576,230.0,1972480
51114,2025-09-14,Warszawa,52.2297,21.0122,jazz,festiwal,60017,55862,160.0,8937920
51115,2025-09-07,Katowice,50.2649,19.0238,classical,amfiteatr,2273,1973,140.0,276220
51116,2025-11-13,Krakow,50.0647,19.945,rock,teatr,791,581,200.0,116200
51117,2025-04-04,Poznan,52.4064,16.9252,rock,festiwal,74952,73339,200.0,14667800
51118,2024-12-21,Krakow,50.0647,19.945,indie,festiwal,49563,35711,120.0,4285320
51119,2024-11-19,Szczecin,53.4285,14.5528,hip-hop,amfiteatr,6621,6209,190.0,1179710
51120,2024-05-12,Krakow,50.0647,19.945,electronic,klub,719,360,110.0,39600
51121,2024-05-06,Wroclaw,51.1079,17.0385,rock,klub,835,620,120.0,74400
51122,2024-04-15,Lublin,51.2465,22.5684,indie,klub,939,619,90.0,55710
51123,2025-08-26,Lublin,51.2465,22.5684,metal,klub,668,588,120.0,70560
51124,2025-01-12,Warszawa,52.2297,21.0122,pop,festiwal,19327,16902,270.0,4563540
51125,2024-02-20,Katowice,50.2649,19.0238,metal,festiwal,33331,19221,280.0,5381880
51126,2024-01-29,Poznan,52.4064,16.9252,folk,stadion,43004,25287,210.0,5310270
51127,2025-04-06,Poznan,52.4064,16.9252,classical,klub,1073,742,100.0,74200
51128,2024-10-22,Warszawa,52.2297,21.0122,rock,teatr,859,723,180.0,130140
51129,2024-10-23,Warszawa,52.2297,21.0122,folk,klub,452,309,80.0,24720
51130,2025-12-26,Lodz,51.7592,19.456,reggae,festiwal,64797,52424,180.0,9436320
51131,2025-02-10,Poznan,52.4064,16.9252,folk,stadion,33749,32258,150.0,4838700
51132,2025-09-04,Wroclaw,51.1079,17.0385,indie,klub,1180,1095,100.0,109500
51133,2025-02-08,Lodz,51.7592,19.456,rock,klub,1053,879,80.0,70320
51134,2024-12-11,Katowice,50.2649,19.0238,pop,klub,435,396,110.0,43560
51135,2025-09-13,Warszawa,52.2297,21.0122,indie,teatr,1729,1546,160.0,247360
51136,2025-02-23,Gdansk,54.352,18.6466,indie,amfiteatr,1977,1484,70.0,103880
51137,2024-06-30,Warszawa,52.2297,21.0122,classical,festiwal,37302,31123,220.0,6847060
51138,2024-01-01,Katowice,50.2649,19.0238,classical,klub,1243,1076,90.0,96840
51139,2025-07-20,Lodz,51.7592,19.456,electronic,arena,9998,9521,150.0,1428150
51140,2025-01-05,Szczecin,53.4285,14.5528,electronic,teatr,534,479,190.0,91010
51141,2025-10-22,Warszawa,52.2297,21.0122,jazz,teatr,1304,444,190.0,84360
51142,2025-03-06,Warszawa,52.2297,21.0122,hip-hop,klub,1352,401,140.0,56140
51143,2024-11-04,Krakow,50.0647,19.945,rock,klub,609,416,140.0,58240
51144,2024-05-16,Krakow,50.0647,19.945,rock,teatr,1845,1300,240.0,312000
51145,2024-07-20,Krakow,50.0647,19.945,folk,klub,1469,1268,60.0,76080
51146,2025-03-11,Bialystok,53.1325,23.1688,rock,klub,285,236,80.0,18880
51147,2024-11-08,Krakow,50.0647,19.945,rock,klub,755,409,140.0,57260
51148,2024-04-26,Krakow,50.0647,19.945,hip-hop,arena,8961,7086,250.0,1771500
51149,2025-10-27,Katowice,50.2649,19.0238,reggae,amfiteatr,2969,1935,80.0,154800
51150,2025-07-28,Poznan,52.4064,16.9252,electronic,amfiteatr,1877,1606,200.0,321200
51151,2024-08-31,Katowice,50.2649,19.0238,electronic,stadion,60325,25835,380.0,9817300
51152,2025-06-20,Warszawa,52.2297,21.0122,pop,arena,4680,3744,300.0,1123200
51153,2025-08-24,Poznan,52.4064,16.9252,rock,klub,1274,887,110.0,97570
51154,2024-03-15,Warszawa,52.2297,21.0122,hip-hop,arena,11433,10772,270.0,2908440
51155,2025-01-20,Warszawa,52.2297,21.0122,electronic,klub,1119,748,130.0,97240
51156,2024-07-28,Bialystok,53.1325,23.1688,hip-hop,festiwal,73753,57126,360.0,20565360
51157,2025-04-19,Warszawa,52.2297,21.0122,metal,klub,1343,1234,130.0,160420
51158,2025-02-21,Poznan,52.4064,16.9252,reggae,klub,911,444,80.0,35520
51159,2024-12-12,Wroclaw,51.1079,17.0385,rock,klub,1471,797,130.0,103610
51160,2025-06-12,Wroclaw,51.1079,17.0385,pop,klub,269,195,190.0,37050
51161,2025-10-01,Bialystok,53.1325,23.1688,folk,klub,256,185,50.0,9250
51162,2024-06-27,Warszawa,52.2297,21.0122,electronic,klub,238,190,80.0,15200
51163,2024-06-30,Lodz,51.7592,19.456,metal,amfiteatr,3507,2497,180.0,449460
51164,2025-10-25,Szczecin,53.4285,14.5528,hip-hop,arena,11992,9153,200.0,1830600
51165,2024-01-25,Gdansk,54.352,18.6466,classical,arena,11119,4696,100.0,469600
51166,2024-06-28,Szczecin,53.4285,14.5528,indie,amfiteatr,4279,3389,80.0,271120
51167,2025-12-10,Warszawa,52.2297,21.0122,rock,amfiteatr,6420,5670,150.0,850500
51168,2025-05-15,Wroclaw,51.1079,17.0385,rock,stadion,20755,16425,230.0,3777750
51169,2024-06-09,Krakow,50.0647,19.945,metal,teatr,751,615,150.0,92250
51170,2024-06-25,Lodz,51.7592,19.456,hip-hop,klub,482,246,170.0,41820
51171,2024-10-11,Szczecin,53.4285,14.5528,jazz,klub,309,297,110.0,32670
51172,2024-03-03,Krakow,50.0647,19.945,rock,arena,4016,2028,230.0,466440
51173,2025-10-23,Gdansk,54.352,18.6466,jazz,festiwal,50115,30358,150.0,4553700
51174,2025-10-27,Krakow,50.0647,19.945,classical,festiwal,24249,14330,200.0,2866000
51175,2024-06-04,Gdansk,54.352,18.6466,metal,klub,743,564,120.0,67680
51176,2025-04-13,Poznan,52.4064,16.9252,hip-hop,klub,224,103,150.0,15450
51177,2024-02-18,Szczecin,53.4285,14.5528,hip-hop,festiwal,47706,31197,230.0,7175310
51178,2024-03-24,Gdansk,54.352,18.6466,reggae,klub,990,632,80.0,50560
51179,2024-12-26,Wroclaw,51.1079,17.0385,indie,stadion,53505,33270,230.0,7652100
51180,2025-11-19,Warszawa,52.2297,21.0122,electronic,festiwal,51139,41640,280.0,11659200
51181,2024-05-27,Warszawa,52.2297,21.0122,electronic,teatr,631,459,230.0,105570
51182,2025-09-21,Krakow,50.0647,19.945,folk,teatr,742,586,120.0,70320
51183,2024-12-07,Krakow,50.0647,19.945,pop,amfiteatr,6072,3018,200.0,603600
51184,2025-04-20,Lublin,51.2465,22.5684,metal,arena,8918,6989,220.0,1537580
51185,2024-03-03,Gdansk,54.352,18.6466,classical,teatr,975,808,100.0,80800
51186,2025-12-01,Poznan,52.4064,16.9252,hip-hop,festiwal,18646,7266,320.0,2325120
51187,2024-12-25,Warszawa,52.2297,21.0122,indie,klub,1455,294,100.0,29400
51188,2025-07-14,Lublin,51.2465,22.5684,jazz,klub,488,399,110.0,43890
51189,2024-11-22,Lodz,51.7592,19.456,metal,klub,1436,527,90.0,47430
51190,2024-05-20,Warszawa,52.2297,21.0122,folk,arena,9401,5947,100.0,594700
51191,2024-08-02,Lodz,51.7592,19.456,metal,festiwal,41406,12218,250.0,3054500
51192,2025-03-10,Poznan,52.4064,16.9252,folk,teatr,1328,1267,140.0,177380
51193,2025-12-23,Warszawa,52.2297,21.0122,hip-hop,klub,428,397,140.0,55580
51194,2024-11-13,Poznan,52.4064,16.9252,pop,klub,1449,1083,150.0,162450
51195,2024-02-01,Poznan,52.4064,16.9252,folk,amfiteatr,2095,1283,70.0,89810
51196,2025-10-31,Warszawa,52.2297,21.0122,hip-hop,klub,634,361,150.0,54150
51197,2024-10-11,Szczecin,53.4285,14.5528,hip-hop,arena,10164,4124,280.0,1154720
51198,2024-10-31,Lublin,51.2465,22.5684,pop,stadion,57265,51303,500.0,25651500
51199,2025-03-04,Lodz,51.7592,19.456,electronic,arena,13861,11273,190.0,2141870
51200,2025-04-21,Poznan,52.4064,16.9252,metal,klub,287,268,120.0,32160
